"NovelEnzymes, Inc",,,,,,,,,,
Reference Data (Noisy),,,,,,,,,,
Enzyme: PGO-X50,,,,,,,,,,
,,,,,,,,,,
Assay number (test),1,2,3,4,5,6,7,8,9,10
[S] (uM),3.75,7.5,15,30,65,125,250,500,1000,2000
,,,,,,,,,,
Time (min),[P] (uM),[P] (uM),[P] (uM),[P] (uM),[P] (uM),[P] (uM),[P] (uM),[P] (uM),[P] (uM),[P] (uM)
0,0,0,0,0,0,0,0,0,0,0
1,0.032,0.105,0.047,0.356,0.858,0.02,0.622,1.578,2.102,1.069
2,0.13,0.112,0.445,0.633,0.82,2.736,1.365,5.647,6.74,3.336
3,0.113,0.255,0.273,1.223,1.627,0.888,3.609,5.862,0.432,5.672
4,0.07,0.371,0.651,1.312,1.633,3.598,1.43,3.517,4.924,4.86
5,0.205,0.428,0.636,0.693,2.838,1.581,4.43,2.588,7.174,8.377
6,0.092,0.29,0.724,1.35,2.57,4.063,3.247,10.905,5.636,8.333
7,0.216,0.534,0.907,1.726,3.367,5.636,6.195,5.14,13.62,13.187
8,0.204,0.465,0.706,2.174,2.169,3.507,7.408,10.124,11.518,12.553
9,0.319,0.391,1.298,2.111,3.683,5.087,5.507,9.114,12.959,14.235
10,0.276,0.666,1.176,2.268,3.522,5.083,8.071,11.107,16.141,20.594
11,0.39,0.779,1.21,1.67,4.306,8.21,8.504,9.949,16.115,18.493
12,0.333,0.819,1.563,2.727,5.292,7.947,8.575,11.655,12.814,23.808
13,0.321,0.824,1.69,2.141,4.29,6.99,9.154,18.087,17.507,19.533
14,0.485,0.935,1.424,2.753,5.657,7.958,14.194,16.949,17.815,20.826
15,0.504,0.761,1.487,2.402,4.559,10.25,15.973,20.527,21.973,21.985
16,0.514,1.066,1.625,3.666,6.602,8.176,14.693,21.318,24.713,21.563
17,0.522,1.003,1.888,3.217,5.929,12.084,16.105,20.854,22.09,25.382
18,0.536,0.948,2.17,3.286,7.738,12.401,17.468,21.086,21.306,25.519
19,0.498,0.963,1.962,3.928,7.212,10.949,17.024,24.903,26.6,34.411
20,0.631,1.14,1.907,4.016,6.985,12.493,15.953,25.155,25.108,28.116
21,0.552,1.301,2.044,3.726,7.342,12.626,17.511,23.11,25.208,33.992
22,0.635,1.323,2.501,4.842,7.387,14.721,20.09,24.786,29.861,38.719
23,0.647,1.232,2.779,4.744,7.895,12.247,19.703,31.374,29.351,40.534
24,0.595,1.381,2.96,4.769,9.014,14.919,19.579,25.507,31.641,37.123
25,0.671,1.293,2.878,4.62,8.468,15.373,24.002,28.135,33.964,36.51
26,0.64,1.309,2.925,5.342,8.917,16.744,25.413,28.099,39.443,37.973
27,0.755,1.507,3.157,4.68,9.117,14.627,23.324,32.619,33.014,45.226
28,0.823,1.503,2.74,5.429,9.489,17.499,24.951,33.284,35.767,43.42
29,0.714,1.54,3.345,5.867,11.241,15.449,27.708,31.62,39.121,46.803
30,0.862,1.769,3.32,6.147,10.544,18.798,24.374,36.382,38.809,44.845
31,0.907,1.747,3.457,6.316,9.972,19.311,27.585,36.177,41.252,49.25
32,0.837,1.571,3.629,6.095,12.264,19.181,29.261,41.698,43.834,48.621
33,0.878,1.713,3.272,6.026,12.374,19.732,28.861,42.784,43.086,54.286
34,0.882,1.863,3.387,6.046,11.272,19.264,30.144,39.326,47.474,53.757
35,0.922,1.767,3.436,6.587,11.815,21.892,32.558,43.803,46.382,57.421
36,0.945,1.963,3.567,6.605,11.71,21.446,32.432,46.086,48.621,54.296
37,0.939,2.059,3.65,6.52,13.696,19.781,32.104,44.956,50.438,58.364
38,1.025,2.079,4.103,6.707,12.245,21.41,34.437,47.525,54.033,64.151
39,1.018,2.088,4.356,7.527,13.67,22.896,32.417,46.975,55.529,62.05
40,1.059,2.051,3.93,7.854,14.548,23.137,34.387,50.593,52.293,63.245
41,1.068,2.157,4.072,7.474,14.331,23.075,36.641,48.353,58.841,68.542
42,1.062,2.043,4.027,7.364,14.695,23.534,36.107,47.29,60.487,68.369
43,1.085,2.216,4.367,7.68,13.936,23.118,35.674,48.301,58.459,72.159
44,1.076,2.289,4.664,8.031,14.093,23.591,37.334,55.324,55.924,70.777
45,1.115,2.224,4.556,8.061,16.401,26.552,37.081,51.828,64.757,69.118
46,1.188,2.244,4.822,8.256,15.056,25.562,38.324,51.035,60.944,74.791
47,1.171,2.445,4.457,8.601,15.356,27.704,41.115,57.328,64.547,74.823
48,1.153,2.532,4.683,8.086,17.15,27.376,39.529,55.414,64.803,71.701
49,1.289,2.511,5.178,9.065,17.093,26.342,39.952,59.034,70.132,78.308
50,1.266,2.387,5.221,9.025,15.909,26.507,42.836,59.533,71.036,78.908
51,1.236,2.58,4.89,9.047,17.368,28.445,43.865,63.08,72.432,82.808
52,1.236,2.477,5.009,9.215,17.966,28.552,43.634,63.007,72.723,76.95
53,1.302,2.78,5.304,8.945,17.691,29.057,44.227,63.182,72.954,79.2
54,1.335,2.796,5.465,8.94,17.376,29.856,47.209,63.263,76.183,82.607
55,1.333,2.726,5.232,9.671,17.494,32.224,44.242,64.881,72.855,86.859
56,1.44,2.664,5.446,10.205,19.235,30.493,44.536,67.938,76.377,85.187
57,1.351,2.946,5.606,9.564,18.78,31.412,48.143,66.08,80.244,85.224
58,1.4,2.84,5.622,9.704,19.701,33.124,49.696,64.814,78.972,89.851
59,1.407,2.902,5.774,9.906,19.422,30.943,47.515,65.382,81.675,93.343
60,1.502,3.04,5.705,10.044,19.52,32.639,48.65,70.148,78.884,93.269
61,1.517,2.965,6.049,9.953,20.038,32.747,52.538,70.708,79.235,96.376
62,1.459,2.858,5.839,10.748,20.494,35.106,52.974,70.628,84.199,95.993
63,1.452,3.161,5.905,11.061,19.833,34.77,54.099,74.175,84.414,94.361
64,1.539,2.922,5.933,10.684,19.909,36.134,55.032,76.884,88.994,98.494
65,1.489,2.994,6.286,11.042,21.309,35.211,53.961,76.754,85.68,96.923
66,1.606,3.037,6.037,11.585,22.05,37.237,55.316,77.249,86.243,99.522
67,1.582,3.161,6.429,11.004,21.851,37.355,54.174,76.994,87.725,100.574
68,1.659,3.268,6.563,11.756,21.716,38.155,54.594,76.388,93.504,106.634
69,1.653,3.182,6.469,11.401,21.734,37.362,57.667,78.148,93.039,109.221
70,1.689,3.303,6.222,11.319,21.769,37.33,58.568,79.57,93.67,105.566
71,1.696,3.383,6.479,11.293,22.954,38.697,58.67,81.679,91.635,110.918
72,1.66,3.28,6.75,12.101,22.054,38.263,60.028,79.734,92.034,116.523
73,1.662,3.478,6.92,11.964,23.059,37.592,61.572,83.237,99.438,117.946
74,1.686,3.404,6.712,12.123,22.878,40.388,59.843,86.534,100.354,117.489
75,1.782,3.394,6.6,12.567,23.979,40.711,61.035,86.244,96.003,116.221
76,1.75,3.459,7.118,12.199,24.411,38.621,61.085,86.5,100.658,117.916
77,1.795,3.433,6.806,12.787,23.877,41.55,63.837,85.99,99.655,117.636
78,1.83,3.493,7.105,12.281,24.961,41.499,60.504,85.362,99.831,120.197
79,1.809,3.674,6.984,12.763,24.14,42.081,64.818,88.484,103.585,118.049
80,1.768,3.61,6.979,12.869,24.199,41.163,64.887,91.222,109.23,128.596
81,1.799,3.623,7.449,13.218,25.218,40.897,66.266,92.757,107.449,123.912
82,1.819,3.582,7.412,13.169,25.283,43.063,66.235,92.452,105.626,128.718
83,1.806,3.661,7.492,13.585,25.929,42.812,63.857,93.197,111.13,129.028
84,1.836,3.669,7.651,13.377,25.797,45.043,66.747,92.02,114.655,128.489
85,1.908,3.748,7.265,13.64,26.455,44.991,67.426,95.411,115.809,127.384
86,1.881,3.872,7.557,13.422,26.657,45.845,68.274,93.748,115.235,135.839
87,1.939,3.766,7.522,13.526,25.55,43.54,69.598,100.323,116.669,131.444
88,1.976,3.818,7.901,13.38,25.942,45.346,68.817,100.67,113.704,131.748
89,1.912,3.832,7.596,14.104,26.863,46.746,71.947,97.548,116.351,138.451
90,1.967,3.98,7.552,13.954,27.254,44.604,71.826,99.557,115.586,141.747
91,1.942,4.052,7.642,13.723,26.918,46.412,72.993,101.029,119.117,139.449
92,2.038,4.054,7.779,14.201,26.845,47.401,70.36,99.564,119.462,142.867
93,1.968,4.033,7.892,13.915,28.359,46.716,74.669,103.199,124.338,144.875
94,2.033,3.927,7.985,14.859,28.126,46.204,71.743,102.845,122.249,141.072
95,2.023,4.146,7.999,14.694,28.901,48.465,73.753,106.753,124.723,148.081
96,2.042,4.038,7.929,14.998,28.1,48.951,76.357,107.623,129.507,147.794
97,2.021,4.235,8.182,15.157,27.887,48.321,76.164,105.604,125.236,146.197
98,2.05,4.092,8.125,14.52,29.096,50.602,74.685,109.236,126.457,147.133
99,2.143,4.049,8.04,14.864,29.097,48.383,77.801,109.33,128.902,150.516
100,2.082,4.301,8.357,15.396,29.612,50.468,76.135,113.619,130.447,149.658
101,2.11,4.134,8.464,15.462,28.676,48.921,78.455,113.814,130.691,153.724
102,2.089,4.371,8.534,15.246,29.863,50.647,76.755,112.855,131.397,152.277
103,2.194,4.24,8.502,15.37,29.266,50.412,79.563,110.731,132.355,157.247
104,2.132,4.29,8.426,15.575,29.44,52.87,79.897,114.211,137.407,160.256
105,2.164,4.34,8.446,15.653,30.617,52.032,80.108,117.237,133.774,161.12
106,2.23,4.235,8.65,15.705,31.454,52.641,82.967,119.687,140.453,160.136
107,2.205,4.259,8.834,15.672,30.987,52.801,82.329,117.231,140.137,160.293
108,2.251,4.412,8.78,16.164,31.782,52.638,82.047,120.572,138.808,163.454
109,2.265,4.39,8.57,16.182,31.392,52.48,82.792,121.269,138.819,166.273
110,2.186,4.557,8.862,16.539,31.755,53.032,84.448,119.938,141.315,166.051
111,2.226,4.589,8.796,16.305,31.951,55.188,82.983,122.93,144.418,171.226
112,2.205,4.586,8.936,15.942,32.632,55.654,85.67,122.258,142.21,173.079
113,2.325,4.53,8.957,16.078,31.799,53.336,86.498,124.702,149.908,173.104
114,2.271,4.596,8.998,16.491,32.669,54.841,85.449,121.607,143.745,176.674
115,2.23,4.649,9.1,16.651,32.27,56.489,85.713,123.589,152.028,171.7
116,2.293,4.602,9.094,16.282,33.148,56.646,88.55,127.685,146.097,173.612
117,2.284,4.705,9.245,16.92,32.219,56.659,85.788,126.405,149.437,178.908
118,2.365,4.756,9.04,17.073,32.506,57.368,88.805,130.965,152.344,181.778
119,2.31,4.77,9.27,16.857,33.614,55.875,87.509,125.833,152.65,177.165
120,2.292,4.648,9.527,16.903,32.685,57.255,88.342,126.899,155.506,187.3
121,2.352,4.694,9.431,16.722,33.942,57.452,90.365,130.206,159.157,184.243
122,2.367,4.637,9.493,16.985,33.673,56.813,88.997,131.116,160.798,181.84
123,2.428,4.843,9.416,17.391,34.745,57.522,93.54,131.432,155.594,187.932
124,2.439,4.826,9.512,17.215,34.239,58.132,91.952,135.485,156.091,190.278
125,2.425,4.849,9.69,17.78,33.843,60.145,92.955,135.796,160.677,190.178
126,2.443,4.786,9.82,17.729,34.079,59.012,92.814,132.706,164.818,193.234
127,2.391,4.739,9.775,17.726,34.571,59.863,94.941,136.903,166.3,193.844
128,2.493,4.799,9.477,17.932,35.553,59.212,94.482,136.852,163.729,194.616
129,2.456,4.923,9.918,17.951,35.285,58.904,92.75,137.4,161.531,191.83
130,2.445,4.905,9.883,18.229,34.487,60.185,96.077,140.944,166.205,197.454
131,2.448,5.023,9.857,18.221,35.419,61.984,95.098,141.884,170.582,202.699
132,2.532,5.031,9.653,18.183,35.452,61.202,97.46,138.902,171.535,199.576
133,2.498,5.038,9.751,17.898,36.267,61.22,96.025,139.278,171.06,202.587
134,2.504,4.917,10.142,18.51,35.764,61.419,97.944,143.237,170.698,203.514
135,2.558,5.127,10.194,18.208,36.351,61.788,96.706,142.737,170.761,208.431
136,2.491,4.944,9.86,18.244,36.953,62.262,100.008,146.97,170.866,209.14
137,2.478,5.159,9.977,18.693,36.089,62.085,100.794,143.111,175.626,211.309
138,2.528,5.034,10.136,18.516,36.587,62.767,100.076,148.483,175.518,213.009
139,2.581,5.098,10.281,18.92,36.598,62.39,101.371,144.958,175.598,214.314
140,2.527,5.058,10.006,18.774,37.134,64.006,100.688,150.725,181.087,213.408
141,2.537,5.08,10.343,18.53,36.549,64.791,99.46,148.836,181.14,212.471
142,2.601,5.225,10.344,18.781,37.6,64.254,102.903,151.375,177.199,213.176
143,2.576,5.112,10.42,19.262,37.303,65.442,102.839,152.586,179.73,216.409
144,2.566,5.242,10.358,19.267,37.468,64.421,103.339,153.923,179.082,219.718
145,2.602,5.204,10.418,19.077,38.156,64.705,104.006,153.668,183.57,214.914
146,2.575,5.179,10.288,19.287,38.419,64.646,102.634,153.725,187.265,218.701
147,2.616,5.307,10.511,19.255,38.31,66.249,105.789,153.602,189.35,220.193
148,2.599,5.275,10.637,19.273,38.145,65.452,106.456,151.769,187.38,222.987
149,2.619,5.204,10.493,19.287,38.467,65.218,106.203,154.737,189.182,228.999
150,2.614,5.211,10.733,19.697,38.765,66.503,105.006,158.193,191.229,225.985
151,2.654,5.23,10.453,19.28,39.221,67.046,106.986,157.713,192.36,227.141
152,2.658,5.44,10.754,19.722,39.363,66.992,108.786,159.774,193.665,226.83
153,2.715,5.379,10.658,19.404,38.758,67.934,106.081,161.688,189.774,228.376
154,2.662,5.38,10.822,19.713,39.659,67.853,110.398,159.233,194.168,234.841
155,2.687,5.43,10.857,19.774,39.481,68.846,108.846,158.985,192.496,237.639
156,2.739,5.376,10.636,20.129,39.867,69.202,111.624,162.255,195.951,237.552
157,2.749,5.411,10.97,20.253,39.837,67.816,111.926,161.874,197.594,233.406
158,2.768,5.492,10.649,19.975,40.111,69.215,110.635,165.97,198.867,237.822
159,2.723,5.384,10.67,20.096,40.12,68.169,112.702,161.728,199.781,234.576
160,2.788,5.49,11.03,20.17,40.542,69.76,113.189,164.807,202.119,241.412
161,2.748,5.49,10.965,20.268,39.522,69.265,110.666,166.933,198.695,241.205
162,2.78,5.441,11.126,20.426,40.087,69.181,111.219,167.556,203.411,245.747
163,2.797,5.464,10.917,20.477,40.334,71.52,113.739,169.555,205.269,244.001
164,2.74,5.522,11.135,20.774,40.561,71.306,114.294,166.185,202.492,241.85
165,2.819,5.607,11.199,20.407,41.209,71.356,115.673,169.926,209.026,245.39
166,2.755,5.589,11.186,20.497,41.054,71.558,116.111,167.322,205.05,247.543
167,2.799,5.504,11.145,20.419,40.619,72.525,116.697,170.314,207.209,252.156
168,2.845,5.623,11.074,20.968,40.65,71.089,113.69,172.994,211.764,254.672
169,2.766,5.528,11.342,20.482,40.694,71.764,115.736,171.507,214.206,250.969
170,2.791,5.56,11.197,21.172,41.511,72.81,114.883,170.894,209.108,254.736
171,2.83,5.667,11.388,20.761,41.048,71.499,118.977,173.293,212.575,257.806
172,2.843,5.755,11.284,21.319,42.358,73.507,117.228,175.08,215.045,258.025
173,2.889,5.668,11.324,20.918,42.205,73.904,120.199,174.98,211.703,257.469
174,2.892,5.687,11.33,20.905,41.493,73.872,118.737,175.508,218.87,264.03
175,2.884,5.616,11.384,21.05,42.526,72.973,118.594,176.055,217.515,260.626
176,2.831,5.676,11.556,21.036,42.276,73.882,119.726,178.754,215.47,263.439
177,2.827,5.68,11.283,21.543,41.958,74.911,119.599,181.67,223.12,268.386
178,2.838,5.784,11.448,21.7,42.461,74.787,120.171,181.374,221.146,262.558
179,2.895,5.828,11.517,21.439,42.333,74.559,119.846,181.024,224.887,263.81
180,2.862,5.764,11.608,21.678,42.221,75.973,122.804,182.443,220.839,266.348
181,2.897,5.718,11.499,21.855,42.37,75.477,123.128,180.619,225.29,269.263
182,2.883,5.827,11.722,21.951,43.25,76.692,123.126,181.015,225.08,272.282
183,2.883,5.892,11.701,21.782,43.961,75.062,123.631,184.367,226.357,275.519
184,2.916,5.755,11.696,21.458,44.149,75.164,122.632,182.452,225.457,273.481
185,2.888,5.862,11.731,22.114,43.205,76.649,125.798,183.014,230.858,274.162
186,2.959,5.824,11.762,21.913,44.335,75.47,123.681,185.404,230.161,273.546
187,2.982,5.819,11.662,22.136,44.309,76.332,125.151,185.447,232.242,273.473
188,2.987,5.801,11.576,22.209,44.345,76.955,125.009,186.004,229.706,276.963
189,2.95,5.9,11.847,21.88,43.905,77.901,126.977,186.799,233.931,282.343
190,2.959,5.88,11.679,21.785,44.764,76.416,126.164,186.582,230.869,279.802
191,2.969,5.881,11.638,22.441,44.891,77.812,127.115,188.044,233.312,281.062
192,2.995,5.961,11.96,21.907,44.119,79.21,126.662,189.249,236.27,286.421
193,2.98,5.982,11.895,22.04,44.374,78.131,127.257,193.316,238.279,289.84
194,3.014,5.949,11.877,22.565,44.326,78.98,127.003,192.495,239.161,291.747
195,2.974,6.025,12.051,22.424,44.52,77.731,127.872,193.443,241.155,290.002
196,3.006,5.972,12.022,22.606,45.171,77.861,130.861,195.816,242.281,287.849
197,3.017,6.099,12.085,22.126,44.919,80.265,130.403,194.214,239.64,291.554
198,3.032,6.029,12.084,22.236,45.672,80.611,128.618,193.598,239.547,293.64
199,3.061,6.045,11.905,22.79,45.043,78.638,130.037,196.546,246.149,298.093
200,3.031,6.056,12.146,22.418,45.222,80.063,129.976,195.227,243.654,294.788
201,3.017,6.025,11.998,22.85,45.642,80.892,130.415,198.622,248.665,297.537
202,3.041,6.158,12.111,22.447,45.89,81.552,131.231,199.142,248.643,301.801
203,3.082,6.064,12.014,23.028,45.583,81.097,132.658,197.708,245.694,303.577
204,3.08,6.01,12.094,23.022,45.999,80.687,131.485,200.186,246.167,297.58
205,3.019,6.091,12.2,22.525,45.483,80.892,133.941,202.93,249.954,305.414
206,3.045,6.128,12.016,23.148,46.674,81.65,133.894,202.334,247.178,300.934
207,3.064,6.067,12.348,22.833,45.855,82.143,135.326,203.341,250.662,306.356
208,3.088,6.195,12.276,22.733,46.607,81.42,133.119,204.125,250.381,302.718
209,3.083,6.181,12.389,22.781,47.031,82.38,134.655,206.294,250.731,304.787
210,3.085,6.16,12.125,23.365,46.358,82.372,134.456,204.727,251.234,310.275
211,3.127,6.202,12.209,22.965,47.264,83.16,136.812,204.93,256.73,310.636
212,3.112,6.168,12.172,23.215,47.068,83.151,135.383,204.141,258.293,316.263
213,3.131,6.155,12.374,23.243,47.325,82.908,138.029,207.312,256.429,316.508
214,3.06,6.262,12.412,23.123,46.399,84.01,135.94,209.61,255.648,316.185
215,3.079,6.224,12.351,23.233,46.692,83.54,137.308,206.42,257.319,319.594
216,3.096,6.194,12.552,23.358,47.699,84.398,137.13,208.189,258.553,317.828
217,3.093,6.319,12.348,23.35,47.762,83.336,137.097,209.646,261.482,316.244
218,3.123,6.259,12.596,23.394,47.139,83.667,138.981,207.946,259.575,321.007
219,3.164,6.327,12.378,23.423,47.615,84.488,137.47,213.553,265.149,318.944
220,3.131,6.22,12.517,23.484,47.612,83.154,140.966,211.09,266.55,323.928
221,3.176,6.194,12.347,23.654,47.438,85.271,138.91,211.633,265.53,322.927
222,3.171,6.203,12.553,23.529,47.58,84.084,139.679,213.638,268.496,325.299
223,3.159,6.343,12.656,23.626,47.455,85.99,140.7,211.472,269.416,327.371
224,3.178,6.35,12.396,23.445,48.411,86.073,141.885,214.906,272.004,325.732
225,3.123,6.232,12.669,23.911,47.864,84.768,139.45,217.852,266.788,331.843
226,3.196,6.27,12.495,24.047,47.928,85.738,142.205,216.345,270.459,329.022
227,3.15,6.271,12.765,23.972,47.817,84.663,140.622,216.418,273.182,335.655
228,3.206,6.42,12.522,24.067,48.154,86.226,141.079,214.494,270.284,337.037
229,3.151,6.271,12.524,24.1,48.845,86.47,143.515,220.324,276.345,335.427
230,3.221,6.302,12.773,24.294,48.765,87.384,144.418,215.942,278.153,339.67
231,3.21,6.394,12.557,23.818,49.129,87.175,141.947,221.384,279.28,340.97
232,3.201,6.437,12.863,24.06,49.317,86.427,144.744,222.782,277.092,341.014
233,3.181,6.381,12.631,24.099,49.341,86.449,146.009,220.801,277.047,340.709
234,3.204,6.401,12.667,24.238,49.306,87.026,145.209,222.285,279.471,340.659
235,3.232,6.456,12.616,23.947,49.518,87.648,146.683,221.104,278.613,344.434
236,3.232,6.341,12.647,24.165,48.862,87.309,146.552,223.344,279.49,346.542
237,3.178,6.356,12.64,24.274,49.672,88.654,144.238,222.308,284.321,345.257
238,3.207,6.466,12.855,24.424,49.807,88.939,146.439,226.174,282.368,342.578
239,3.201,6.491,12.92,24.598,49.964,89.112,146.057,225.567,282.983,343.792
240,3.24,6.519,12.722,24.15,49.09,89.09,147.089,223.017,282.433,348.511
241,3.205,6.41,13.024,24.217,50.266,88.133,148.41,223.514,287.477,351.393
242,3.265,6.49,12.944,24.468,49.345,89.57,147.676,228.563,289.135,350.725
243,3.262,6.543,13.009,24.224,49.818,88.089,149.829,225.904,290.512,349.006
244,3.249,6.419,12.797,24.797,50.562,87.92,148.802,227.556,286.612,353.315
245,3.224,6.489,12.815,24.417,49.931,90.145,148.574,227.091,293.655,354.461
246,3.255,6.486,13.088,24.467,49.992,89.982,149.494,228.686,294.885,359.225
247,3.248,6.465,12.871,24.927,50.773,88.642,151.399,231.993,293.373,360.421
248,3.251,6.462,12.948,24.88,50.669,88.818,149.791,231.384,290.254,360.108
249,3.287,6.454,13.153,24.694,50.709,89.105,151.024,232.499,291.113,363.615
250,3.269,6.547,12.881,24.561,50.7,89.62,149.465,233.391,296.767,362.523
251,3.283,6.488,12.938,25.111,50.921,90.34,150.118,231.866,296.143,361.512
252,3.251,6.603,12.911,24.74,50.144,89.694,152.091,235.136,299.333,364.654
253,3.258,6.49,13.003,24.962,50.319,90.991,152.288,233.657,300.253,365.255
254,3.305,6.61,12.979,24.918,51.223,90.834,151.222,236.456,298.69,367.579
255,3.302,6.535,13.218,24.704,50.85,91.469,152.782,233.693,300.632,369.505
256,3.27,6.639,12.997,25.032,51.072,90.658,154.489,234.995,303.171,374.388
257,3.286,6.657,13.103,24.96,51.184,91.778,153.433,238.741,301.288,370.276
258,3.282,6.649,13.162,24.948,50.797,91.73,152.774,238.348,305.863,374.731
259,3.298,6.674,13.273,25.18,51.411,91.088,155.428,240.762,305.66,372.18
260,3.334,6.539,13.072,24.943,51.669,91.797,155.362,238.106,301.778,374.856
261,3.315,6.57,13.157,25.028,51.96,91.044,153.335,240.365,308.358,379.438
262,3.279,6.582,13.1,25.061,51.793,91.629,156.45,241.17,303.882,381.079
263,3.296,6.674,13.254,25.52,51.23,91.62,153.756,241.917,305.125,380.743
264,3.357,6.661,13.301,25.189,52.006,92.657,156.036,243.931,307.948,383.558
265,3.323,6.713,13.208,25.453,51.605,92.527,157.601,242.799,309.427,377.816
266,3.302,6.62,13.357,25.511,52.364,93.291,157.868,242.861,309.245,381.849
267,3.337,6.638,13.395,25.34,51.33,93.997,157.881,244.453,314.317,384.965
268,3.325,6.668,13.201,25.198,52.115,93.687,155.629,243.444,315.619,386.594
269,3.343,6.672,13.439,25.458,52.205,93.891,157.471,243.02,311.983,391.373
270,3.304,6.628,13.177,25.419,52.156,93.501,157.059,243.285,318.035,391.819
271,3.37,6.699,13.225,25.684,51.727,93.429,157.175,247.108,315.379,391.347
272,3.353,6.632,13.419,25.799,52.345,94.013,158.666,245.497,320.089,394.859
273,3.316,6.714,13.288,25.289,52.681,93.893,159.382,245.648,319.492,390.892
274,3.353,6.674,13.229,25.328,52.182,94.571,159.973,250.33,320.671,390.009
275,3.351,6.646,13.478,25.777,52.465,93.639,159.025,247.642,320.387,396.181
276,3.387,6.793,13.537,25.456,52.521,94.584,159.487,249.575,322.46,395.715
277,3.39,6.726,13.298,25.694,52.874,95.119,160.518,249.457,323.79,398.185
278,3.342,6.745,13.5,25.858,53.29,95.137,160.533,251.691,323.212,395.514
279,3.391,6.749,13.482,25.818,52.802,94.442,161.362,249.735,322.578,397.437
280,3.367,6.727,13.35,25.707,52.614,95.938,161.502,252.085,321.248,404.733
281,3.382,6.723,13.461,25.609,52.966,94.572,160.446,250.449,325.59,400.776
282,3.414,6.686,13.568,25.981,53.518,94.73,163.043,250.687,326.544,404.371
283,3.353,6.727,13.536,25.695,52.597,95.716,161.73,251.038,328.579,406.042
284,3.367,6.82,13.485,26.104,53.422,96.05,160.879,253.981,330.219,404.584
285,3.366,6.762,13.619,26.012,53.405,95.407,164.199,252.292,326.954,406.15
286,3.375,6.809,13.544,25.962,53.631,96.246,164.703,257.9,332.616,407.046
287,3.399,6.793,13.417,26.099,53.293,95.566,164.072,255.824,330.724,407.201
288,3.369,6.791,13.676,25.931,53.726,96.428,163.856,259.17,330.474,413.289
289,3.389,6.85,13.502,26.071,54.069,95.965,162.97,256.358,333.035,415.658
290,3.381,6.802,13.692,25.816,53.659,95.699,164.757,259.08,335.252,413.051
291,3.396,6.864,13.712,26.247,53.489,96.697,163.376,259.18,337.08,415.806
292,3.4,6.88,13.467,26.298,53.189,97.621,165.084,261.383,336.035,418.442
293,3.395,6.817,13.696,26.019,54.335,96.519,164.026,257.062,335.07,420.2
294,3.446,6.856,13.557,26.214,53.587,97.487,167.193,262.008,337.477,421.581
295,3.403,6.889,13.741,26.073,54.178,96.395,164.89,261.479,340.844,423.717
296,3.42,6.868,13.601,26.43,54.011,96.973,165.568,263.896,342.07,423.44
297,3.437,6.793,13.634,26.016,54.193,97.046,165.334,264.205,341.235,421.333
298,3.423,6.873,13.634,26.35,53.615,97.656,166.913,262.324,339.332,420.365
299,3.409,6.887,13.634,26.337,53.855,97.686,168.509,264.954,345.24,428.223
300,3.46,6.909,13.662,26.452,53.771,97.549,168.631,264.632,344.035,423.7
301,3.449,6.923,13.706,26.553,54.054,98.756,166.942,265.579,347.119,423.797
302,3.441,6.832,13.771,26.611,54.682,97.267,167.188,265.253,347.139,430.67
303,3.427,6.891,13.773,26.536,54.578,97.913,167.604,267.822,347.907,433.209
304,3.454,6.938,13.776,26.286,54.773,98.634,168.605,268.727,349.936,429.108
305,3.413,6.921,13.724,26.399,54.492,97.989,169.582,265.757,344.942,436.259
306,3.446,6.914,13.775,26.233,54.758,98.595,168.013,264.733,347.75,436.555
307,3.471,6.83,13.765,26.299,55.165,99.092,170.613,267.924,347.399,435.92
308,3.483,6.936,13.808,26.628,54.872,98.38,170.297,269.103,348,437.919
309,3.478,6.845,13.848,26.445,55.174,99.348,169.857,269.568,348.249,437.033
310,3.465,6.883,13.876,26.421,54.678,98.73,171.558,269.368,353.118,442.993
311,3.438,6.923,13.919,26.682,55.382,99.834,169.536,271.049,355.375,439.254
312,3.462,6.932,13.784,26.624,54.78,98.611,170.067,272.259,350.721,442.727
313,3.454,6.862,13.908,26.464,54.587,100.453,171.218,271.888,356.56,444.786
314,3.482,6.938,13.885,26.739,54.953,100.151,172.718,273.598,358.833,440.275
315,3.477,6.887,13.783,26.728,55.515,100.73,173.414,274.702,354.704,444.046
316,3.438,6.943,13.783,26.752,55.282,99.688,173.285,273.375,357.058,448.059
317,3.455,6.963,13.85,26.784,54.775,99.437,171.161,274.468,356.061,449.74
318,3.484,6.953,13.781,26.851,55.59,100.572,174.336,273.403,360.92,448.036
319,3.448,6.973,13.97,26.557,55.41,99.612,172.121,272.496,361.833,449.334
320,3.503,6.985,13.891,26.743,55.959,101.264,173.989,274.829,359.013,449.57
321,3.477,6.961,13.997,26.693,55.102,100.93,173.665,274.952,365.362,452.189
322,3.468,6.973,13.927,26.87,55.072,100.624,173.529,276.142,365.851,452.206
323,3.453,6.971,13.984,26.801,55.949,101.595,174.717,279.017,366.31,457.403
324,3.499,7.026,13.869,27.089,55.729,101.606,174.229,278.818,366.173,456.376
325,3.457,6.919,13.827,26.741,56.086,100.304,175.756,277.152,366.139,456.986
326,3.516,7.022,13.82,27.015,55.975,101.613,174.175,276.75,367.397,459.638
327,3.476,7.01,13.86,26.846,55.779,101.374,175.709,277.123,369.081,462.617
328,3.507,7.023,13.888,26.944,55.945,101.099,177.014,280.859,365.602,460.826
329,3.514,6.987,13.994,27.009,55.916,100.905,174.664,279.912,366.744,462.771
330,3.486,7.013,13.887,26.85,56.294,100.934,176.786,280.401,368.174,460.722
331,3.524,6.983,14.086,27.103,55.992,101.906,176.6,281.532,371.375,467.681
332,3.486,6.989,13.929,27.151,56.563,102.703,175.862,281.462,373.625,468.927
333,3.506,7.025,13.946,27.262,55.941,101.661,178.215,283.912,371.695,469.13
334,3.476,6.974,13.951,27.227,56.151,102.657,177.418,281.646,370.445,468.083
335,3.505,7.01,14.104,27.015,56.191,102.199,177.001,282.666,372.82,468.027
336,3.541,7.03,14.035,27.052,56.392,103.057,177.437,284.685,374.437,474.068
337,3.528,7.03,13.967,27.023,56.876,102.863,176.739,286.675,378.891,475.09
338,3.511,7.07,13.984,27.037,56.047,102.809,179.322,284.975,378.078,471.043
339,3.526,7.033,14.151,27.056,56.877,102.059,180.048,285.66,379.028,476.408
340,3.534,6.988,14.032,27.075,56.692,102.646,177.629,286.103,377.226,473.737
341,3.549,7.09,13.957,27.219,56.431,103.068,180.543,285.213,381.485,481.644
342,3.551,7.036,14.127,27.117,56.422,103.798,178.823,287.562,381.668,476.401
343,3.534,7.012,14.159,27.395,56.729,103.32,179.188,287.115,382.249,476.081
344,3.503,7.092,14.183,27.105,56.661,104.104,180.972,290.294,381.473,479.416
345,3.554,7.05,14.181,27.443,56.38,104.108,180.293,287.129,383.672,481.018
346,3.557,7.079,14.059,27.374,56.976,104.287,180.134,288.137,383.048,485.238
347,3.539,7.084,14.074,27.286,56.421,104.575,181.332,289.504,387.006,482.069
348,3.532,7.084,14.098,27.342,57.083,103.271,181.47,290.982,386.098,489.139
349,3.539,7.052,14.103,27.486,57.319,104.096,180.58,288.625,389.614,489.946
350,3.543,7.106,14.176,27.292,56.559,103.505,180.197,290.144,390.474,484.449
351,3.558,7.039,14.015,27.439,56.855,104.559,181.104,291.124,390.992,489.058
352,3.549,7.136,14.196,27.546,57.227,103.736,181.077,294.296,387.351,489.052
353,3.551,7.106,14.113,27.695,57.188,104.419,183.81,292.033,392.676,492.78
354,3.528,7.055,14.098,27.278,57.413,105.253,182.404,294.23,392.166,490.036
355,3.565,7.141,14.168,27.328,56.883,104.034,181.777,295.394,390.432,497.755
356,3.542,7.043,14.075,27.629,56.909,105.455,182.045,293.095,395.343,494.465
357,3.577,7.04,14.073,27.732,57.155,104.255,184.469,293.062,392.044,499.813
358,3.548,7.152,14.165,27.45,57.372,105.034,182.716,297.321,391.064,501.607
359,3.543,7.144,14.228,27.708,57.354,104.863,185.061,297.361,392.244,496.127
360,3.545,7.106,14.211,27.676,57.291,105.293,184.762,295.53,394.214,502.057
361,3.578,7.144,14.217,27.428,57.711,105.805,185.762,297.405,393.95,500.442
362,3.542,7.173,14.225,27.652,57.596,104.901,185.001,296.844,395.887,505.482
363,3.555,7.141,14.188,27.444,57.852,106.108,184.052,299.83,400.906,501.887
364,3.565,7.169,14.207,27.715,57.348,105.9,185.508,300.498,396.535,507.508
365,3.589,7.174,14.292,27.556,57.822,105.235,184.016,300.101,399.146,508.952
366,3.54,7.184,14.131,27.874,57.354,105.412,186.874,300.405,400.547,510.392
367,3.563,7.174,14.308,27.618,57.426,105.158,186.109,301.072,400.963,508.063
368,3.587,7.122,14.302,27.739,57.824,105.029,185.857,301.774,402.339,510.161
369,3.566,7.183,14.211,27.665,58.284,105.847,184.719,302.245,402.696,509.69
370,3.544,7.158,14.24,27.75,57.793,105.784,186.055,300.658,404.223,515.88
371,3.568,7.177,14.198,27.765,58.343,106.743,186.731,304.379,404.27,516.225
372,3.601,7.151,14.159,27.789,57.988,107.074,188.241,303.623,408.674,512.39
373,3.575,7.2,14.382,27.8,58.027,105.888,186.553,301.805,408.576,514.135
374,3.55,7.154,14.257,27.895,58.384,106.503,186.158,304.599,410.067,517.964
375,3.566,7.097,14.257,27.691,58.292,106.786,188.873,303.629,411.478,516.341
376,3.553,7.212,14.353,27.973,58.374,107.034,187.036,306.454,409.565,521.137
377,3.574,7.147,14.367,27.804,58.473,107.044,187.611,303.797,412.409,520.291
378,3.607,7.161,14.21,27.739,57.812,106.008,189.179,304.982,410.292,520.346
379,3.555,7.12,14.27,27.67,58.435,107.431,188.74,304.892,412.818,524.092
380,3.584,7.219,14.212,27.856,58.493,106.161,188.224,305.915,411.426,521.821
381,3.598,7.2,14.257,28.135,58.656,106.767,189.077,306.315,416.279,522.929
382,3.582,7.153,14.247,28.03,58.79,106.714,187.698,306.616,415.807,524.388
383,3.611,7.133,14.334,27.836,58.15,107.39,189.613,308.377,414.351,523.723
384,3.61,7.184,14.437,27.843,58.522,107.653,189.066,309.024,416.542,525.876
385,3.592,7.141,14.281,27.881,58.317,107.088,188.5,307.166,413.986,533.313
386,3.574,7.186,14.278,27.9,59.041,108.014,190.842,308.331,415.562,527.405
387,3.598,7.221,14.284,27.825,58.853,107.166,191.272,310.753,415.462,534.133
388,3.606,7.178,14.329,28.122,58.956,107.944,191.284,311.577,418.388,536.776
389,3.608,7.161,14.44,28.02,59.008,107.362,190.882,309.005,422.124,536.657
390,3.574,7.215,14.44,27.899,59.099,108.29,189.864,311.758,418.916,532.981
391,3.62,7.206,14.419,27.907,58.585,108.319,192.456,313.078,424.033,535.953
392,3.577,7.205,14.394,28.117,58.568,107.78,190.048,313.511,425.154,540.405
393,3.602,7.164,14.384,28.114,59.297,107.429,191.162,312.963,424.663,535.684
394,3.596,7.165,14.433,28.091,58.733,107.857,192.674,312.352,422.884,539.845
395,3.615,7.24,14.479,28.272,58.542,107.896,192.866,314.67,423.509,539.628
396,3.589,7.188,14.322,28.215,58.63,108.515,193.421,314.523,426.112,547.122
397,3.585,7.2,14.344,28.057,58.735,108.837,193.616,314.899,428.663,543.852
398,3.596,7.206,14.347,28.107,59.262,107.997,193.891,316.47,425.594,547.342
399,3.596,7.174,14.483,27.988,59.054,108.81,193.059,317.832,429.591,545.155
400,3.587,7.207,14.487,28.349,59.352,108.374,191.672,317.618,426.681,547.495
401,3.587,7.263,14.379,28.143,59.242,108.733,193.475,318.141,427.582,548.049
402,3.621,7.227,14.417,28.207,59.12,109.682,193.483,318.16,431.087,550.655
403,3.619,7.252,14.506,28.23,59.509,109.316,194.758,315.147,429.305,551.044
404,3.63,7.248,14.479,28.324,59.134,108.565,195.305,320.176,432.042,553.199
405,3.632,7.202,14.54,28.19,59.526,109.767,195.335,319.624,433.512,550.785
406,3.597,7.232,14.402,28.341,59.046,108.812,193.342,316.634,434.404,553.236
407,3.624,7.21,14.509,28.418,59.67,109.522,195.248,320.704,434.26,552.764
408,3.634,7.229,14.555,28.269,59.443,109.086,194.441,318.541,432.227,558.173
409,3.593,7.287,14.402,28.285,59.164,109.262,194.171,319.049,434.295,559.431
410,3.603,7.248,14.405,28.168,59.502,108.876,196.346,320.492,433.738,556.215
411,3.64,7.251,14.451,28.114,59.222,110.164,196.629,321.75,438.032,559.705
412,3.643,7.267,14.556,28.142,59.198,109.004,195.451,320.169,435.62,562.809
413,3.61,7.267,14.564,28.379,59.959,109.825,196.501,321.921,441.981,558.966
414,3.61,7.265,14.389,28.434,59.362,110.003,196.02,323.702,440.285,561.828
415,3.612,7.263,14.386,28.399,59.532,110.111,196.515,323.054,442.188,566.612
416,3.633,7.213,14.403,28.34,59.656,109.694,197.635,325.215,444.621,565.192
417,3.644,7.296,14.514,28.556,60.014,109.829,195.357,325.431,444.122,569.419
418,3.634,7.282,14.534,28.572,60.069,109.969,196.163,325.314,443.944,564.995
419,3.631,7.21,14.449,28.324,59.65,110.853,197.24,326.574,441.811,569.486
420,3.633,7.278,14.471,28.442,59.678,110.565,195.775,322.843,444.143,568.752
421,3.608,7.237,14.565,28.228,59.919,110.915,197.181,327.356,447.03,574.01
422,3.619,7.301,14.419,28.611,59.645,110.068,198.312,325.793,447.341,572.06
423,3.635,7.224,14.57,28.647,60.149,111.011,196.394,326.289,443.867,574.358
424,3.629,7.236,14.578,28.646,60.027,110.504,198.088,327.439,446.712,573.053
425,3.641,7.267,14.596,28.356,59.77,111.248,198.984,327.243,446.635,574.768
426,3.624,7.276,14.553,28.489,60.023,110.552,199.106,329.711,450.65,574.658
427,3.621,7.32,14.566,28.445,60.086,111.434,198.961,329.012,447.698,582.773
428,3.62,7.272,14.458,28.668,59.817,110.159,199.013,330.256,447.915,576.202
429,3.646,7.231,14.61,28.645,60.397,111.616,197.959,327.857,451.665,577.174
430,3.624,7.26,14.449,28.361,60.391,111.266,198.437,331.158,451.737,585.479
431,3.638,7.288,14.596,28.403,60.506,111.15,198.835,330.449,452.017,579.876
432,3.659,7.282,14.623,28.689,59.901,110.648,199.371,330.965,452.156,583.557
433,3.634,7.314,14.566,28.579,60.243,111.315,200.632,328.795,452.535,582.927
434,3.66,7.312,14.572,28.647,60.519,111.274,201.003,332.496,456.916,590.354
435,3.664,7.27,14.611,28.533,60.281,110.646,199.942,331.895,458.825,586.047
436,3.627,7.331,14.473,28.61,59.888,111.921,201.219,331.852,455.652,586.673
437,3.667,7.284,14.64,28.609,60.676,110.942,200.998,334.275,457.272,589.445
438,3.658,7.252,14.505,28.759,60.225,111.27,200.578,331.681,457.797,592.677
439,3.626,7.317,14.499,28.53,60.205,111.202,201.966,331.664,458.377,592.993
440,3.624,7.252,14.524,28.486,60.398,111.159,200.939,334.952,457.145,589.61
441,3.648,7.341,14.67,28.731,60.204,111.998,200.325,334.046,457.972,597.652
442,3.671,7.344,14.623,28.727,60.468,111.593,201.994,334.59,463.394,597.578
443,3.663,7.295,14.544,28.736,60.693,111.828,201.593,334.671,460.213,600.174
444,3.666,7.308,14.506,28.473,60.508,111.991,202.442,335.452,465.435,596.307
445,3.666,7.301,14.686,28.589,60.704,112.575,201.365,335.479,464.365,596.828
446,3.654,7.316,14.583,28.714,60.183,111.848,203.001,337.53,465.653,597.66
447,3.677,7.309,14.625,28.86,60.728,111.545,201.485,336.621,465.121,603.012
448,3.636,7.297,14.677,28.671,60.185,112.633,203.234,337.012,463.099,599.658
449,3.639,7.313,14.682,28.813,60.486,112.037,203.739,338.955,467.839,600.429
450,3.672,7.328,14.642,28.893,60.277,112.863,201.484,335.652,469.362,603.213
451,3.671,7.349,14.545,28.849,60.917,113.058,201.551,339.918,470.992,603.937
452,3.669,7.305,14.643,28.779,60.58,112.151,202.967,338.579,468.177,607.925
453,3.667,7.291,14.551,28.739,60.85,112.959,204,340.609,471.544,609.865
454,3.653,7.351,14.619,28.879,60.463,111.923,202.127,337.724,471.093,609.003
455,3.663,7.323,14.614,28.65,61.139,112.443,203.7,338.839,471.217,612.493
456,3.65,7.336,14.703,28.789,60.937,112.651,203.259,339.389,473.642,609.717
457,3.647,7.325,14.709,28.596,60.668,112.868,204.632,340.757,470.327,608.817
458,3.652,7.322,14.676,28.653,60.798,112.364,204.696,339.902,475.877,613.704
459,3.67,7.288,14.58,28.677,60.825,113.425,203.173,339.23,476.059,613.636
460,3.678,7.336,14.572,28.851,61.233,112.47,205.116,341.887,476.247,617.055
461,3.668,7.375,14.581,28.802,61.305,113.137,204.182,342.389,478.132,620.781
462,3.671,7.332,14.646,28.82,60.643,113.687,204.549,340.718,479.148,614.978
463,3.686,7.299,14.663,28.713,60.605,113.874,205.499,343.229,474.576,616.328
464,3.648,7.343,14.676,28.926,60.975,112.766,205.159,343.263,480.232,619.969
465,3.69,7.327,14.559,28.977,60.736,113.135,204.979,343.639,476.219,621.79
466,3.681,7.323,14.568,29.001,60.713,113.286,204.552,344.047,478.981,625.518
467,3.659,7.364,14.642,28.75,60.876,113.102,204.653,345.453,477.915,626.158
468,3.679,7.361,14.735,29.023,61.396,113.674,206.273,345.827,479.135,620.648
469,3.683,7.328,14.705,29.001,60.92,113.21,206.44,345.134,484.364,629.251
470,3.668,7.386,14.694,28.965,61.012,113.764,205.814,347.769,480.244,628.965
471,3.661,7.378,14.718,29.071,61.449,113.647,207.349,344.942,482.447,631.619
472,3.673,7.333,14.611,28.898,61.484,114.266,205.349,348.11,485.589,632.174
473,3.687,7.301,14.7,28.914,61.167,113.583,205.706,344.928,486.017,629.471
474,3.69,7.321,14.635,29.028,61.076,113.255,207.71,347.511,483.636,631.093
475,3.677,7.344,14.725,28.91,60.911,114.53,206.958,348.164,485.169,630.723
476,3.676,7.316,14.698,28.958,61.508,114.434,206.891,346.364,483.439,632.279
477,3.68,7.335,14.712,28.933,61.199,114.738,208.203,350.28,485.23,632.492
478,3.667,7.38,14.648,29.063,61.006,113.688,207.689,347.9,486.774,636.62
479,3.656,7.394,14.729,29.098,61.343,114.525,207.843,349.773,490.024,638.5
480,3.667,7.392,14.769,29.05,61.64,113.85,208.16,350.124,486.819,640.528
481,3.682,7.378,14.668,29.128,61.592,114.726,208.918,347.745,492.349,640.262
482,3.693,7.393,14.715,29.066,61.305,114.112,207.457,348.956,488.811,636.304
483,3.697,7.353,14.641,29.089,61.631,114.346,207.152,351.746,493.951,640.286
484,3.671,7.351,14.68,28.909,61.376,114.356,207.459,349.967,493.276,642.199
485,3.675,7.353,14.754,29.044,61.199,113.908,207.852,351.126,490.164,644.489
486,3.694,7.358,14.784,28.87,61.815,113.866,207.756,352.16,494.788,643.773
487,3.701,7.394,14.748,28.903,61.442,114.453,207.525,353.577,494.166,643.623
488,3.675,7.39,14.758,28.933,61.565,114.671,210.163,351.397,492.086,644.242
489,3.69,7.357,14.633,28.942,61.787,115.054,208.747,352.345,494.711,646.946
490,3.67,7.369,14.797,29.161,61.251,114.59,209.129,351.89,498.997,650.821
491,3.683,7.327,14.669,29.069,61.379,114.755,208.173,352.362,495.37,651.362
492,3.68,7.343,14.689,29.169,61.872,114.241,209.192,355.487,499.034,649.195
493,3.665,7.36,14.74,28.945,61.597,114.881,209.48,354.7,501.335,651.738
494,3.688,7.335,14.748,28.969,61.317,114.325,210.642,356.516,502.135,656.846
495,3.706,7.349,14.77,29.226,61.806,115.493,211.065,354.963,499.023,650.095
496,3.677,7.377,14.682,29.224,62.048,114.352,210.297,354.012,503.545,658.641
497,3.701,7.402,14.699,29.188,61.668,115.259,210.842,354.762,502.33,653.791
498,3.672,7.34,14.807,29.149,62.036,115.491,210.031,354.907,500.761,654.243
499,3.687,7.418,14.81,29.071,61.504,115.144,211.274,354.601,503.941,657.022
500,3.676,7.359,14.778,29.147,61.549,115.088,211.927,355.169,502.071,659.628
501,3.701,7.418,14.748,29.133,62.084,114.971,210.698,355.198,505.49,658.785
502,3.697,7.398,14.747,29.269,62.142,115.822,211.283,358.296,502.88,663.452
503,3.706,7.403,14.748,29.152,61.981,115.025,210.684,357.101,503.335,663.436
504,3.701,7.395,14.746,29.185,61.628,114.898,211.014,357.725,504.781,663.735
505,3.71,7.382,14.773,29.086,61.835,115.37,210.902,360.218,504.355,668.467
506,3.695,7.38,14.809,29.288,61.696,116.165,212.554,358.923,504.705,664.836
507,3.709,7.367,14.778,29.078,61.75,115.834,211.441,359.495,508.437,666.168
508,3.684,7.391,14.679,29.26,61.852,115.588,211.41,358.541,509.413,671.286
509,3.711,7.366,14.802,29.273,61.676,115.627,211.703,358.265,508.259,670.923
510,3.696,7.401,14.702,29.018,62.081,115.546,211.582,359.287,507.657,667.862
511,3.7,7.398,14.836,29.329,62.017,115.874,211.615,362.452,509.839,672.004
512,3.706,7.36,14.846,29.24,62.232,116.353,211.631,361.525,512.506,672.858
513,3.688,7.388,14.681,29.294,62.096,116.007,212.927,360.386,514.354,670.059
514,3.715,7.374,14.843,29.327,62.258,115.494,213.79,359.947,510.468,674.757
515,3.689,7.395,14.756,29.113,62.069,116.391,213.744,363.466,511.052,672.205
516,3.711,7.352,14.758,29.177,61.975,116.575,213.21,362.336,513.544,675.19
517,3.686,7.39,14.822,29.345,62.311,116.133,213.682,363.678,514.298,681.057
518,3.713,7.422,14.771,29.122,62.208,115.717,213.578,361.988,513.148,676.522
519,3.694,7.391,14.691,29.043,62.06,116.046,212.611,365.324,519.095,679.008
520,3.68,7.424,14.701,29.287,61.91,116.392,212.399,363.282,514.742,682.561
521,3.695,7.36,14.829,29.369,61.979,116.67,214.725,363.283,517.551,678.634
522,3.709,7.401,14.835,29.202,61.911,115.941,214.819,365.166,518.706,684.238
523,3.7,7.406,14.806,29.192,62.127,116.851,213.14,363.337,517.65,683.332
524,3.69,7.408,14.728,29.178,62.285,116.569,214.144,363.245,517.653,683.77
525,3.686,7.387,14.809,29.262,62.294,115.927,213.492,365.042,521.649,687.134
526,3.71,7.407,14.827,29.274,61.915,116.841,213.835,366.908,522.037,687.648
527,3.697,7.433,14.761,29.141,62.506,116.359,214.838,365.077,520.126,685.57
528,3.697,7.434,14.75,29.149,61.913,116.214,213.624,368.26,519.545,688.678
529,3.721,7.416,14.871,29.272,61.974,117.098,214.522,366.644,521.08,688.668
530,3.715,7.367,14.733,29.36,62.091,117.18,215.432,368.022,523.344,691.132
531,3.712,7.382,14.823,29.426,62.634,116.172,215.914,366.912,526,690.087
532,3.714,7.412,14.72,29.408,62.283,117.01,215.237,367.249,522.22,696.227
533,3.696,7.443,14.786,29.236,62.515,116.956,214.858,369.259,526.062,694.174
534,3.703,7.414,14.85,29.257,62.292,117.083,214.737,369.5,526.805,695.773
535,3.691,7.413,14.79,29.214,62.269,116.659,214.901,368.871,526.063,693.982
536,3.722,7.44,14.761,29.303,62.616,116.565,215.191,369.917,525.719,700.919
537,3.714,7.429,14.872,29.299,62.128,116.343,215.424,371.283,527.516,701.058
538,3.692,7.417,14.831,29.36,62.281,117.493,215.192,371.589,528.776,699.025
539,3.691,7.39,14.816,29.442,62.243,117.196,214.978,371.968,527.111,698.119
540,3.702,7.373,14.75,29.168,62.758,117.479,216.705,372.309,531.977,700.948
541,3.716,7.442,14.814,29.312,62.384,117.122,216.752,370.725,530.999,704.878
542,3.722,7.435,14.895,29.462,62.515,116.489,216.227,370.318,530.949,701.909
543,3.707,7.426,14.823,29.275,62.235,117.381,215.483,371.6,533.414,703.691
544,3.715,7.379,14.87,29.376,62.595,117.55,216.59,369.64,535.351,703.096
545,3.687,7.378,14.844,29.372,62.345,117.731,217.728,371.353,536.618,710.24
546,3.72,7.446,14.822,29.209,62.424,116.827,216.103,372.663,536.031,705.507
547,3.722,7.447,14.883,29.189,62.32,117.169,217.541,372.216,536.804,707.526
548,3.705,7.377,14.852,29.414,62.609,117.219,216.22,373.049,536.646,710.165
549,3.707,7.393,14.754,29.516,62.544,117.003,216.757,371.392,534.869,713.703
550,3.719,7.433,14.846,29.303,62.508,117.202,217.04,374.496,539.769,711.543
551,3.7,7.385,14.843,29.272,62.754,117.143,218.597,371.863,538.439,709.901
552,3.703,7.457,14.798,29.319,62.303,117.95,217.834,375.999,535.365,711.761
553,3.703,7.412,14.771,29.439,62.5,117.272,218.37,376.393,539.335,716.093
554,3.718,7.401,14.854,29.352,62.459,117.24,218.459,375.678,539.843,714.629
555,3.715,7.427,14.854,29.35,62.721,117.592,217.23,374.494,538.826,713.357
556,3.715,7.455,14.802,29.475,62.996,117.379,218.051,373.786,543.07,721.565
557,3.713,7.412,14.851,29.316,62.956,118.12,217.661,373.908,541.993,718.661
558,3.706,7.448,14.895,29.239,62.556,118.074,217.757,374.954,543.382,722.457
559,3.696,7.403,14.801,29.395,62.574,118.168,218.413,374.51,544.909,719.858
560,3.716,7.434,14.886,29.315,62.905,117.601,218.829,376.515,543.785,725.44
561,3.71,7.448,14.874,29.315,63.089,117.644,219.58,378.646,545.606,722.776
562,3.71,7.456,14.826,29.422,63.048,117.833,217.736,375.472,546.086,724.903
563,3.71,7.463,14.783,29.28,63.098,118.492,218.09,379.607,545.076,728.695
564,3.718,7.403,14.893,29.415,62.491,118.372,219.682,377.137,545.823,723.876
565,3.697,7.405,14.91,29.487,62.812,117.575,218.411,379.626,546.689,730.265
566,3.725,7.42,14.885,29.511,62.531,118.304,220.251,379.06,550.067,729.236
567,3.699,7.41,14.854,29.584,62.803,118.456,219.01,380.393,547.034,731.405
568,3.725,7.445,14.883,29.334,62.577,118.194,220.585,378.677,550.66,729.818
569,3.716,7.437,14.844,29.346,63.188,117.579,219.674,379.201,551.995,731.776
570,3.721,7.445,14.905,29.394,62.993,118.102,220.271,379.005,549.916,730.892
571,3.726,7.394,14.879,29.304,62.923,117.619,218.674,381.069,548.081,737.234
572,3.72,7.409,14.886,29.307,62.715,118.762,219.907,378.974,553.334,731.653
573,3.718,7.469,14.817,29.32,62.596,118.104,220.714,379.41,551.214,735.519
574,3.703,7.41,14.781,29.528,62.723,118.714,220.808,379.271,552.455,738.229
575,3.709,7.421,14.918,29.372,62.911,117.969,219.268,380.764,552.411,738.567
576,3.713,7.455,14.902,29.573,62.731,118.502,219.968,381.3,554.819,738.452
577,3.713,7.421,14.902,29.406,63.173,118.888,221.464,380.203,551.787,740.319
578,3.717,7.401,14.794,29.536,63.056,118.443,220.19,383.251,556.128,737.564
579,3.708,7.402,14.918,29.599,62.719,118.257,219.889,382.804,556.389,740.732
580,3.718,7.42,14.907,29.47,63.019,119.091,221.439,381.171,555.062,744.437
581,3.699,7.461,14.828,29.337,62.889,118.11,220.78,381.617,556.063,746.127
582,3.716,7.443,14.914,29.401,62.799,118.294,220.893,383.077,554.886,743.765
583,3.707,7.453,14.846,29.35,63.292,118.978,220.31,384.995,559.911,748.661
584,3.726,7.421,14.839,29.613,62.949,118.611,220.39,383.629,560.862,742.983
585,3.718,7.476,14.945,29.627,62.92,118.302,220.353,382.538,560.501,743.986
586,3.712,7.473,14.918,29.551,62.968,118.676,221.061,386.205,559.046,746.931
587,3.706,7.418,14.837,29.498,62.953,118.43,221.037,386.601,558.141,752.123
588,3.733,7.462,14.839,29.62,63.342,118.528,222.464,384.546,559.423,750.55
589,3.708,7.443,14.865,29.367,62.976,118.421,222.098,384.417,560.6,751.264
590,3.726,7.453,14.846,29.404,63.2,119.406,222.839,385.222,564.683,751.859
591,3.732,7.478,14.805,29.493,62.934,119.348,222.935,384.34,563.824,754.096
592,3.718,7.423,14.848,29.515,63.258,118.465,222.962,385.275,562.089,755.375
593,3.711,7.426,14.837,29.394,62.88,119.148,221.724,386.646,562.235,757.018
594,3.703,7.428,14.886,29.539,63.462,118.945,221.34,386.511,562.875,756.14
595,3.717,7.467,14.887,29.446,62.867,119.239,223.331,388.33,562.816,758.668
596,3.712,7.444,14.84,29.501,63.349,119.47,222.904,388.673,564.021,760.241
597,3.716,7.446,14.94,29.411,63.394,119.475,222.388,386.943,566.118,759.928
598,3.708,7.448,14.897,29.589,62.95,118.554,223.502,386.456,566.382,756.854
599,3.723,7.44,14.921,29.414,63.157,119.207,223.704,387.82,564.908,761.801
600,3.716,7.435,14.818,29.506,63.452,119.674,223.729,387.824,567.09,764.198
601,3.727,7.475,14.836,29.476,63.052,118.909,223.814,389.44,567.143,762.246
602,3.718,7.453,14.951,29.566,63.054,119.715,222.73,388.744,567.327,765.971
603,3.719,7.451,14.896,29.56,63.203,118.708,222.314,388.994,572.706,763.979
604,3.738,7.441,14.843,29.553,63.449,119.235,222.519,388.503,572.705,769.04
605,3.72,7.471,14.934,29.677,63.543,119.577,223.632,389.879,573.635,770.888
606,3.722,7.439,14.884,29.59,63.107,119.021,224.097,390.33,573.832,766.873
607,3.718,7.444,14.921,29.664,63.126,119.069,223.048,388.957,570.97,765.798
608,3.706,7.468,14.912,29.617,63.057,119.536,223.41,390.547,573.759,769.498
609,3.727,7.447,14.917,29.44,63.26,119.01,224.407,391.976,573.012,773.837
610,3.735,7.454,14.896,29.697,63.193,119.375,224.104,390.998,574.67,769.104
611,3.721,7.485,14.898,29.481,63.602,119.452,223.489,391.974,577.149,770.756
612,3.741,7.419,14.959,29.549,63.606,120.021,225.027,392.021,577.049,776.009
613,3.733,7.467,14.83,29.595,63.538,119.324,223.404,390.483,578.707,778.015
614,3.71,7.431,14.863,29.635,63.431,119.246,224.945,393.092,576.875,776.531
615,3.709,7.435,14.878,29.477,63.259,119.928,224.081,393.578,577.083,780.943
616,3.742,7.46,14.955,29.726,63.543,120.015,225.172,392.411,576.817,774.572
617,3.715,7.434,14.964,29.514,63.14,119.285,223.937,394.161,579.136,776.169
618,3.714,7.467,14.943,29.674,63.513,119.355,224.972,394.866,577.334,778.656
619,3.717,7.475,14.935,29.48,63.138,120.002,225.241,395.297,577.639,779.523
620,3.732,7.437,14.964,29.693,63.126,119.905,225.622,394.817,582.13,780.564
621,3.739,7.423,14.909,29.628,63.362,119.443,225.207,395.488,579.861,784.414
622,3.737,7.449,14.924,29.521,63.453,119.591,225.776,394.354,580.092,780.631
623,3.719,7.472,14.887,29.574,63.38,119.462,224.65,396.295,581.688,783.142
624,3.73,7.464,14.868,29.515,63.218,120.078,224.406,395.912,582.352,785.687
625,3.711,7.486,14.965,29.55,63.475,119.456,224.588,395.497,584.418,785.706
626,3.734,7.472,14.888,29.738,63.578,119.811,225.866,394.308,584.043,789.173
627,3.718,7.423,14.923,29.54,63.654,120.436,224.757,395.298,583.345,786.29
628,3.729,7.483,14.937,29.658,63.4,119.357,224.765,394.543,586.646,790.113
629,3.72,7.448,14.906,29.674,63.467,120.206,225.683,395.393,585.309,787.496
630,3.736,7.458,14.869,29.724,63.475,119.581,225.256,396.284,584.476,788.529
631,3.74,7.435,14.962,29.603,63.619,120.097,225.457,397.341,584.1,791.313
632,3.719,7.45,14.968,29.725,63.49,120.519,226.902,395.538,584.867,794.417
633,3.728,7.46,14.886,29.53,63.803,120.496,225.974,397.711,586.435,791.083
634,3.721,7.462,14.855,29.764,63.45,120.432,225.286,397.322,586.928,795.942
635,3.733,7.447,14.867,29.698,63.606,119.802,226.695,396.24,590.105,798.742
636,3.747,7.491,14.939,29.75,63.658,120.389,226.287,396.811,587.379,798.44
637,3.715,7.492,14.853,29.547,63.656,119.908,227.371,399.189,588.605,799.426
638,3.716,7.458,14.881,29.74,63.413,120.477,225.973,396.95,590.694,797.605
639,3.724,7.461,14.887,29.738,63.585,119.993,225.628,398.763,593.745,801.2
640,3.719,7.448,14.964,29.765,63.361,120.672,226.066,398.632,591.495,804.657
641,3.717,7.489,14.969,29.654,63.758,119.877,226.247,399.902,590.671,803.873
642,3.728,7.488,14.937,29.662,63.7,120.548,226.919,400.641,594.797,803.819
643,3.742,7.441,14.902,29.709,63.475,119.79,225.887,399.464,592.161,801.153
644,3.735,7.475,14.955,29.57,63.346,120.076,225.956,401.379,592.942,805.811
645,3.737,7.428,14.952,29.686,63.671,120.435,226.083,402.002,596.792,806.493
646,3.74,7.461,14.962,29.785,63.798,120.321,226.241,398.767,594.33,805.145
647,3.738,7.44,14.909,29.728,63.527,120.906,226.925,400.334,596.125,808.048
648,3.746,7.468,14.983,29.774,63.826,119.934,226.262,401.772,595.934,808.751
649,3.732,7.466,14.892,29.594,63.91,120.989,227.908,402.475,594.804,813.632
650,3.741,7.466,14.905,29.598,63.685,120.669,226.425,403.286,595.871,811.472
651,3.736,7.498,14.908,29.656,63.836,120.314,226.652,400.069,599.07,814.36
652,3.738,7.478,14.987,29.577,63.643,120.064,227.226,403.18,595.865,811.38
653,3.725,7.458,14.979,29.803,63.518,120.327,228.611,403.521,601.361,811.157
654,3.716,7.455,14.897,29.626,63.845,120.401,227.768,402.773,600.109,816.283
655,3.735,7.469,14.918,29.65,63.832,120.605,226.89,402.311,597.885,819.435
656,3.747,7.499,14.979,29.69,63.899,121.072,228.572,404.154,599.448,819.719
657,3.732,7.439,14.931,29.656,63.724,120.082,227.392,402.037,598.97,819.661
658,3.723,7.456,14.953,29.823,63.471,120.766,228.874,402.391,603.506,816.755
659,3.725,7.433,14.909,29.746,63.995,120.572,228.233,403.089,601.872,818.631
660,3.727,7.454,14.94,29.662,63.507,121.055,228.436,403.602,604.053,819.201
661,3.721,7.48,14.945,29.655,63.844,121.069,228.754,405.636,603.313,820.724
662,3.725,7.459,14.923,29.691,63.781,121.148,228.577,404.6,606.628,822.755
663,3.736,7.497,14.954,29.652,63.891,120.99,228.966,404.839,606.348,820.099
664,3.737,7.496,14.915,29.588,63.665,120.379,228.275,403.296,606.699,823.878
665,3.748,7.457,14.93,29.709,63.713,120.672,228.585,404.466,604.356,827.954
666,3.728,7.444,14.989,29.705,63.907,120.772,229.022,405.733,606.585,827.937
667,3.749,7.447,14.931,29.665,63.744,121.326,229.822,407.408,608.039,825.152
668,3.735,7.47,14.982,29.765,63.92,120.498,228.469,406.091,605.818,824.527
669,3.736,7.485,14.937,29.652,64.063,120.509,228.25,407.799,606.048,826.302
670,3.732,7.494,14.876,29.836,63.786,120.932,229.814,406.039,606.781,831.076
671,3.721,7.446,14.946,29.639,63.959,121.098,229.344,407.587,610.751,828.277
672,3.729,7.472,15,29.632,63.772,121.132,229.629,408.062,611.009,829.457
673,3.718,7.478,14.92,29.628,64.051,120.692,228.448,405.875,610.643,836.212
674,3.741,7.464,14.94,29.775,64.091,121.012,230.079,407.565,611.456,836.042
675,3.735,7.481,14.932,29.614,64.036,120.952,228.881,408.705,611.981,831.557
676,3.74,7.466,14.92,29.665,63.616,120.906,229.766,408.785,609.87,836.9
677,3.725,7.46,14.876,29.832,63.737,121.555,229.81,409.364,610.27,833.458
678,3.722,7.447,14.93,29.803,64.029,121.053,229.519,408.271,613.475,838.273
679,3.722,7.488,14.907,29.763,63.96,120.68,229.299,408.829,613.885,837.474
680,3.751,7.49,14.899,29.797,64.121,121.538,229.388,410.422,613.496,837.077
681,3.745,7.474,14.906,29.622,64.012,120.625,228.94,407.265,615.055,842.929
682,3.722,7.505,14.967,29.635,64.071,120.678,230.112,408.565,617.495,842.961
683,3.73,7.466,14.933,29.621,63.766,120.779,230.648,409.381,615.739,840.261
684,3.734,7.44,14.966,29.762,63.672,120.675,231.011,410.458,615.632,839.928
685,3.743,7.471,14.994,29.774,64.128,120.963,230.174,408.518,616.337,846.904
686,3.752,7.452,14.894,29.825,63.79,121.344,229.563,410.412,615.519,844.21
687,3.726,7.463,14.898,29.814,63.728,121.262,230.016,409.932,618.463,843.828
688,3.733,7.477,14.943,29.712,64.122,121.178,230.03,409.194,616.711,846.638
689,3.733,7.454,14.919,29.831,64.062,121.232,231.299,410.38,619.046,846.798
690,3.727,7.485,14.968,29.715,64.096,121.512,229.653,412.494,618.727,849.676
691,3.745,7.473,14.976,29.635,64.027,121.025,231.006,411.708,618.87,845.793
692,3.734,7.475,14.974,29.697,63.808,121.291,231.529,410.599,620.377,853.311
693,3.752,7.495,14.99,29.766,64.025,121.773,231.734,412.126,621.215,850.074
694,3.733,7.482,14.947,29.693,63.776,120.967,230.112,411.877,620.272,852.863
695,3.745,7.482,14.932,29.855,64.257,121.336,230.487,410.319,619.374,849.62
696,3.732,7.455,14.971,29.869,64.054,121.133,231.376,411.864,620.164,851.279
697,3.753,7.46,14.917,29.759,64.106,121.802,230.297,413.352,624.176,851.282
698,3.726,7.46,14.896,29.771,63.829,121.698,230.595,411.375,621.12,857.607
699,3.751,7.446,14.969,29.833,64.086,121.836,231.491,414.013,624.497,855.197
700,3.74,7.473,14.985,29.683,63.889,121.286,230.345,413.822,626.137,855.972
701,3.738,7.471,15.01,29.713,64.18,121.246,230.573,414.543,625.099,856.755
702,3.727,7.449,14.957,29.866,63.796,121.711,231.367,414.823,624.329,856.744
703,3.727,7.49,14.983,29.892,63.892,121.687,232.352,415.436,625.24,863.507
704,3.73,7.454,14.963,29.826,63.923,121.693,231.152,413.991,626.065,864.374
705,3.723,7.503,14.988,29.719,63.795,121.397,230.985,415.722,627.145,865.754
706,3.73,7.467,15.012,29.719,63.906,121.567,231.091,415.919,625.836,862.765
707,3.723,7.489,14.997,29.726,63.971,121.146,231.769,413.866,628.201,865.174
708,3.751,7.461,14.905,29.854,64.026,121.409,231.829,416.415,627.124,866.639
709,3.737,7.484,14.933,29.8,64.102,121.866,230.897,414.025,631.9,864.458
710,3.738,7.449,14.997,29.83,64.143,121.873,231.828,417.001,629.993,864.684
711,3.746,7.483,14.912,29.751,63.94,121.161,232.013,416.795,630.288,865.761
712,3.75,7.496,14.927,29.705,64.231,121.416,231.123,415.705,628.57,868.643
713,3.747,7.504,14.945,29.918,64.127,121.607,232.707,414.803,634.074,872.626
714,3.738,7.472,15.016,29.898,64.008,121.752,232.547,417.558,633.997,872.248
715,3.736,7.461,14.895,29.691,64.221,122.147,231.634,415.227,633.592,874.203
716,3.731,7.473,14.974,29.721,63.978,122.175,231.921,417.135,631.746,875.252
717,3.741,7.484,14.953,29.884,63.963,121.394,233.111,416.596,633.453,870.511
718,3.742,7.46,14.971,29.757,63.866,121.59,232.361,417.853,632.982,872.466
719,3.727,7.501,14.934,29.779,64.382,121.62,232.753,416.647,636.603,875.263
720,3.746,7.47,14.92,29.764,64.205,121.844,232.914,416.001,633.27,872.634
721,3.742,7.472,14.973,29.793,64.319,122.024,232.967,418.678,635.527,874.721
722,3.743,7.474,14.954,29.722,64.057,122.235,231.977,416.477,637.545,878.684
723,3.726,7.462,14.962,29.748,64.085,121.958,233.519,418.132,635.597,881.447
724,3.732,7.495,14.952,29.911,64.369,121.792,232.246,417.268,634.864,878.874
725,3.74,7.463,14.959,29.881,64.226,121.439,232.92,418.627,635.5,877.86
726,3.74,7.48,14.996,29.726,64.396,122.005,233.616,420.206,638.398,881.687
727,3.745,7.466,14.917,29.878,64.012,122.256,233.855,420.035,639.26,880.982
728,3.737,7.501,14.957,29.841,64.396,121.824,233.624,418.945,638.11,886.424
729,3.751,7.454,14.903,29.845,64.397,122.419,234.035,420.388,640.645,884.335
730,3.726,7.453,14.947,29.707,64.389,122.353,233.692,419.061,638.683,882.209
731,3.745,7.511,14.941,29.725,64.08,122.45,233.955,420.832,639.675,888.853
732,3.741,7.493,15.001,29.848,64.377,122.004,232.673,420.188,641.549,884.361
733,3.734,7.46,14.91,29.783,64.442,121.974,233.059,419.81,643.268,888.71
734,3.755,7.456,14.994,29.924,64.173,121.917,233.311,420.101,641.623,885.503
735,3.742,7.477,14.942,29.88,64.253,121.972,233.554,421.957,641.252,891.207
736,3.732,7.472,14.908,29.901,64.232,122.083,232.968,421.953,642.153,893.195
737,3.731,7.48,14.982,29.857,64.113,121.822,233.084,422.141,643.177,887.547
738,3.738,7.474,14.954,29.822,64.198,122.325,233.967,419.601,645.142,888.387
739,3.728,7.467,14.976,29.788,64.128,122.215,234.651,422.019,646.727,892.071
740,3.739,7.491,14.922,29.912,64.493,122.472,233.759,421.974,647.097,892.149
741,3.747,7.459,14.969,29.813,64.404,122.422,234.583,423.03,644.578,892.151
742,3.749,7.483,14.968,29.775,64.089,121.974,233.25,421.548,645.106,894.862
743,3.745,7.476,15.007,29.873,64.336,122.667,233.585,422.128,647.902,895.052
744,3.736,7.501,15.001,29.944,64.212,121.929,233.282,422.429,647.11,898.926
745,3.756,7.511,14.911,29.798,64.463,122.192,234.323,422.951,648.129,897.563
746,3.73,7.483,14.949,29.833,64.287,122.013,233.464,423.995,650.376,902.403
747,3.732,7.505,14.942,29.725,64.26,122.593,234.5,424.078,649.141,898.993
748,3.739,7.502,14.944,29.737,64.035,121.965,233.555,421.463,647.494,900.694
749,3.729,7.454,14.943,29.809,64.367,122.226,234.511,423.709,648.795,901.58
750,3.733,7.489,14.911,29.769,64.447,122.108,234.389,424.663,651.873,905.498
751,3.745,7.478,14.955,29.745,64.497,122.732,234.55,422.949,650.761,903.998
752,3.741,7.461,14.909,29.753,64.225,121.91,233.973,424.987,649.266,904.939
753,3.75,7.49,14.919,29.739,64.524,122.068,234.262,424.241,653.696,905.638
754,3.751,7.489,15.014,29.837,64.37,122.541,234.187,424.149,650.723,906.94
755,3.741,7.487,15,29.826,64.383,122.686,235.595,423.47,652.082,904.284
756,3.744,7.492,14.999,29.759,64.073,122.418,234.636,424.29,653.954,905.552
757,3.742,7.471,14.974,29.743,64.24,122.464,234.078,423.899,654.279,907.585
758,3.746,7.512,15.02,29.909,64.506,122.025,234.248,425.708,656.157,909.408
759,3.754,7.477,14.958,29.953,64.128,122.684,234.842,423.439,655.174,910.694
760,3.734,7.484,15.001,29.805,64.361,122.043,234.929,424.76,654.901,908.115
761,3.742,7.513,14.992,29.787,64.267,122.694,235.576,425.909,655.291,913.404
762,3.735,7.463,14.926,29.824,64.536,122.173,235.928,424.603,656.364,912.147
763,3.753,7.468,14.99,29.922,64.139,122.062,234.597,425.509,656.187,917.033
764,3.751,7.479,14.985,29.936,64.403,122.585,235.469,426.001,654.528,914.562
765,3.755,7.496,14.985,29.792,64.096,122.243,235.97,425.433,657.066,912.148
766,3.752,7.498,14.993,29.875,64.094,122.693,235.77,427.706,655.818,915.041
767,3.749,7.485,14.967,29.968,64.576,122.807,235.071,425.787,656.165,920.449
768,3.752,7.499,14.928,29.86,64.191,122.29,235.162,426.715,657.592,917.215
769,3.743,7.466,14.976,29.872,64.573,122.691,235.056,426.505,657.709,918.151
770,3.741,7.494,14.916,29.934,64.555,122.951,236.296,427.16,659.916,917.325
771,3.73,7.461,14.978,29.93,64.368,122.377,235.885,427.625,660.25,923.413
772,3.75,7.493,15.004,29.942,64.554,122.947,234.92,426.816,662.916,924.661
773,3.753,7.473,15,29.948,64.442,122.159,234.898,428.084,658.837,923.841
774,3.738,7.46,14.975,29.79,64.588,122.827,235.111,427.682,662.104,924.292
775,3.744,7.47,15.004,29.881,64.214,122.396,235.264,429.09,661.417,921.843
776,3.736,7.494,14.928,29.812,64.614,122.727,236.178,429.682,660.106,921.67
777,3.748,7.512,14.929,29.817,64.264,122.175,236.018,427.539,660.721,922.358
778,3.753,7.459,14.945,29.817,64.342,122.572,235.531,429.734,660.986,927.688
779,3.758,7.463,14.92,29.862,64.515,122.258,235.262,430.017,662.907,928.542
780,3.731,7.498,14.926,29.797,64.361,122.942,235.49,428.919,662.407,931.105
781,3.755,7.473,14.94,29.76,64.628,122.371,235.76,429.804,666.816,925.746
782,3.756,7.484,14.971,29.903,64.198,123.077,235.256,430.223,666.403,931.787
783,3.731,7.495,15.017,29.808,64.578,122.468,235.64,429.121,667.348,930.243
784,3.738,7.514,14.989,29.896,64.405,122.738,236.97,428.277,666.421,934.866
785,3.731,7.496,14.918,29.964,64.57,122.382,236.273,430.976,668.937,930.714
786,3.73,7.507,14.961,29.939,64.212,122.657,235.884,429.939,667.596,933.962
787,3.734,7.491,15.028,29.773,64.273,122.931,235.83,431.048,666.633,932.571
788,3.75,7.514,14.925,29.979,64.389,123.176,237.161,428.882,670.035,933.331
789,3.746,7.516,14.954,29.878,64.545,122.876,235.854,429.348,670.777,939.632
790,3.733,7.481,14.974,29.926,64.442,122.653,235.687,430.982,669.825,939.92
791,3.756,7.498,15.012,29.854,64.57,122.779,237.075,431.262,668.121,940.91
792,3.731,7.517,14.936,29.771,64.556,123.067,237.475,431.546,668.457,935.744
793,3.741,7.463,14.922,29.989,64.477,122.678,236.862,430.862,669.28,940.905
794,3.751,7.485,14.974,29.779,64.494,122.661,236.194,431.161,669.369,941.771
795,3.747,7.505,15.009,29.913,64.325,122.972,237.545,431.389,673.553,944.432
796,3.749,7.461,15.008,29.974,64.343,122.466,236.391,430.999,671.143,940.495
797,3.745,7.513,14.951,29.935,64.273,122.758,236.443,431.695,671.277,943.468
798,3.748,7.503,14.922,29.852,64.574,122.615,237.004,432.145,672.854,942.929
799,3.75,7.49,14.952,29.874,64.244,123.246,236.992,431.423,672.858,945.188
800,3.752,7.516,14.927,29.989,64.578,123.238,237.543,431.985,674.819,946.467
801,3.75,7.489,14.949,29.857,64.476,122.719,237.533,430.928,676.134,947.466
802,3.756,7.508,14.948,29.805,64.607,122.641,236.902,433.052,675.213,946.773
803,3.755,7.468,15.033,29.896,64.287,122.546,236.533,432.722,676.012,948.028
804,3.754,7.473,14.959,29.952,64.396,123.04,237.094,431.507,677.621,946.522
805,3.743,7.509,14.974,29.858,64.624,122.529,237.212,431.738,678.358,947.87
806,3.753,7.473,15.034,29.93,64.381,123.359,237.533,432.101,674.353,949.188
807,3.739,7.501,14.979,29.9,64.366,122.563,236.548,433.923,674.971,948.831
808,3.739,7.487,14.999,29.922,64.608,123.22,237.684,432.651,678.997,949.729
809,3.741,7.517,14.994,29.865,64.426,123.036,236.861,432.93,676.721,952.018
810,3.745,7.464,14.952,29.895,64.297,122.834,237.577,433.185,676.778,951.04
811,3.734,7.508,14.957,29.975,64.721,123.002,238.432,433.449,679.874,953.91
812,3.736,7.49,15.027,29.997,64.309,122.87,237.246,433.707,678.063,952.942
813,3.752,7.47,15.022,29.796,64.491,123.412,237.604,434.658,679.012,953.913
814,3.746,7.505,14.967,29.89,64.423,123.436,238.316,435.937,681.858,953.678
815,3.756,7.509,14.947,29.892,64.579,123.174,237.848,434.044,680.208,956.174
816,3.756,7.482,14.984,30.001,64.703,122.78,238.409,435.989,683.376,959.767
817,3.748,7.503,14.987,29.866,64.541,123.268,237.566,433.825,683.664,961.74
818,3.736,7.487,14.981,29.972,64.695,122.864,238.665,435.747,682.134,962.047
819,3.738,7.465,15.025,29.96,64.434,123.083,238.189,435.161,680.518,960.428
820,3.733,7.518,14.973,29.91,64.684,123.238,237.124,436.518,681.508,960.004
821,3.74,7.509,14.995,29.868,64.46,123.526,237.773,434.727,681.746,962.25
822,3.742,7.512,15.026,29.923,64.587,123.527,238.177,437.221,684.485,962.616
823,3.74,7.478,14.929,29.97,64.406,123.433,237.368,434.622,682.766,962.801
824,3.743,7.491,14.996,29.962,64.451,122.688,238.419,436.997,683.733,963.591
825,3.755,7.487,15.031,29.819,64.508,123.298,238.208,437.555,684.978,964.076
826,3.734,7.506,15.006,29.952,64.41,123.044,237.839,437.847,683.943,969.767
827,3.746,7.505,14.936,29.89,64.378,123.219,238.813,435.542,688.302,971.289
828,3.743,7.479,14.992,30.016,64.65,123.167,239.058,437.707,684.938,965.393
829,3.749,7.516,14.975,29.879,64.738,123.296,238.643,436.858,684.698,972.891
830,3.733,7.513,15.002,29.97,64.649,123.382,238.873,437.888,685.227,970.829
831,3.755,7.491,14.946,29.873,64.396,123.045,238.849,438.698,687.001,973.508
832,3.756,7.473,14.999,29.833,64.599,122.877,238.692,438.291,688.84,973.946
833,3.752,7.489,14.987,29.971,64.355,123.327,237.858,436.478,688.342,974.498
834,3.758,7.474,14.939,29.839,64.433,123.344,238.254,439.398,690.199,972.483
835,3.734,7.513,14.94,29.872,64.369,123.409,238.122,438.055,689.97,971.712
836,3.748,7.495,15.02,29.995,64.553,122.879,237.937,438.834,689.55,975.383
837,3.751,7.478,15.031,30.009,64.427,123.102,238.528,436.9,692.405,978.81
838,3.754,7.477,14.93,29.914,64.468,123.259,238.317,439.169,690.419,978.927
839,3.736,7.514,14.955,29.997,64.761,123.59,239.429,437.257,691.507,974.454
840,3.747,7.482,14.987,29.916,64.483,122.885,238.799,438.756,692.233,979.721
841,3.756,7.492,14.963,29.927,64.549,123.038,238.566,438.93,693.557,981.468
842,3.738,7.473,14.984,29.961,64.554,123.268,238.285,437.742,692.52,983.128
843,3.751,7.479,14.933,29.886,64.717,123.342,238.352,440.046,691.899,979.713
844,3.754,7.518,14.987,29.945,64.746,123.314,238.426,440.076,694.349,980.338
845,3.743,7.469,14.964,29.964,64.474,122.928,239.176,440.778,693.75,982.18
846,3.743,7.513,14.975,29.916,64.585,123.675,239.613,440.589,692.254,984.019
847,3.75,7.476,14.939,29.908,64.754,123.55,239.018,438.566,693.774,985.922
848,3.753,7.477,15.016,29.82,64.767,123.494,239.735,440.095,693.888,981.958
849,3.754,7.496,14.977,30.018,64.411,123.523,239.673,438.599,693.109,985.407
850,3.733,7.486,14.97,29.851,64.821,123.119,238.549,440.528,693.499,989.691
851,3.749,7.477,14.98,29.959,64.579,123.271,239.224,440.555,693.966,987.483
852,3.757,7.482,15.031,29.983,64.692,123.282,239.503,440.172,698.928,987.1
853,3.738,7.474,14.995,29.893,64.401,122.955,238.948,441.87,698.944,986.162
854,3.758,7.499,14.959,29.939,64.601,123.08,238.901,441.906,697.196,991.223
855,3.75,7.513,14.947,29.915,64.627,123.786,239.05,441.854,698.042,992.468
856,3.756,7.504,14.966,29.833,64.434,123.088,239.785,439.653,697.471,988.49
857,3.748,7.493,14.972,29.904,64.637,123.771,240.027,439.783,697.796,994.598
858,3.738,7.496,14.936,29.896,64.759,123.279,240.307,440.758,699.756,993.508
859,3.743,7.508,15,29.854,64.472,123.199,239.17,441.893,700.224,992.46
860,3.755,7.498,15.002,29.954,64.628,123.7,240.048,441.926,698.153,992.931
861,3.736,7.475,14.99,29.897,64.604,123.076,239.311,442.756,699.716,997.856
862,3.743,7.498,15.029,29.98,64.475,123.121,239.942,441.199,699.359,996.063
863,3.745,7.469,14.956,29.831,64.541,123.593,240.139,441.958,703.286,996.962
864,3.743,7.486,15.002,29.993,64.664,123.681,239.343,442.589,704.004,999.607
865,3.748,7.489,14.952,30.014,64.697,123.789,239.035,441.529,700.416,1001.316
866,3.739,7.478,15.029,29.883,64.499,123.882,240.101,443.209,701.931,997.207
867,3.747,7.507,14.972,29.902,64.523,123.544,239.238,443.197,703.699,1000.097
868,3.737,7.486,15.018,30.029,64.643,123.748,239.241,442.689,701.58,1004.702
869,3.75,7.494,14.972,29.983,64.528,123.854,240.61,442.44,704.207,1004.659
870,3.75,7.474,14.998,29.998,64.725,123.864,240.114,443.852,702.071,1001.4
871,3.756,7.485,15.015,29.918,64.842,123.751,240.602,443.859,705.037,1002.743
872,3.749,7.483,15.031,29.923,64.721,123.165,239.388,444.216,703.582,1007.733
873,3.751,7.514,15.015,29.873,64.641,123.886,239.607,443.213,707.762,1007.177
874,3.758,7.492,15.016,29.882,64.822,123.82,239.414,443.462,706.392,1005.007
875,3.74,7.513,15.022,29.889,64.764,123.775,239.512,443.148,705.711,1006.747
876,3.75,7.49,15.018,29.965,64.782,123.332,240.732,445.409,706.831,1007.608
877,3.76,7.475,14.942,29.906,64.677,123.4,240.198,444.467,707.19,1010.888
878,3.74,7.505,14.994,29.932,64.732,123.429,240.082,445.336,709.039,1010.82
879,3.758,7.519,14.95,29.935,64.745,123.504,239.716,443.299,708.382,1007.232
880,3.755,7.496,15.003,29.853,64.794,123.919,241.128,444.244,706.449,1009.177
881,3.754,7.503,15.009,29.989,64.658,123.809,239.877,445.992,706.875,1013.816
882,3.752,7.5,15.018,29.93,64.768,123.23,241.008,446.357,710.343,1014.66
883,3.753,7.486,14.982,30.03,64.744,123.789,240.549,445.302,709.969,1010.584
884,3.736,7.487,14.979,30.008,64.895,123.644,239.755,443.779,709.12,1012.77
885,3.738,7.506,15.002,29.838,64.57,123.871,240.442,445.629,708.521,1017.357
886,3.735,7.485,14.948,29.857,64.763,123.936,241.23,444.672,708.505,1014.597
887,3.755,7.474,14.94,29.988,64.806,123.583,240.762,444.899,712.113,1016.684
888,3.757,7.484,15.031,29.843,64.853,123.361,239.953,445.059,709.609,1018.344
889,3.745,7.512,14.939,30.03,64.504,123.257,241.336,446.487,711.351,1018.957
890,3.752,7.475,15.034,29.985,64.655,123.997,240.085,445.641,713.132,1016.153
891,3.736,7.482,15.023,29.857,64.591,123.689,241.283,444.855,712.873,1018.811
892,3.751,7.506,14.952,29.976,64.558,123.319,240.871,444.864,712.634,1019.015
893,3.752,7.51,14.941,29.873,64.519,123.373,240.6,445.812,714.654,1019.86
894,3.756,7.495,15.006,29.886,64.643,123.991,240.987,447.641,713.499,1021.105
895,3.752,7.478,14.985,30.013,64.784,123.525,240.193,445.84,716.215,1021.82
896,3.742,7.504,15.002,30.028,64.715,123.836,241.393,447.624,714.774,1022.173
897,3.752,7.515,15.012,29.879,64.829,123.606,241.47,448.321,713.487,1027.218
898,3.753,7.502,15.024,29.937,64.912,123.443,241.119,447.161,714.948,1022.215
899,3.738,7.474,14.967,29.964,64.675,124.082,240.589,445.742,715.244,1025.238
900,3.735,7.501,14.995,30.036,64.831,123.527,241.286,446.535,716.123,1027.133
901,3.743,7.473,14.967,29.947,64.606,123.811,240.509,448.344,718.48,1026.042
902,3.758,7.488,15.008,30.01,64.66,123.732,241.08,448.773,716.543,1031.262
903,3.735,7.51,14.959,29.852,64.822,123.644,241.508,447.177,716.429,1026.681
904,3.751,7.477,15.013,29.872,64.793,123.863,240.724,449.072,719.977,1032.321
905,3.749,7.473,14.972,29.895,64.546,123.582,241.234,447,716.941,1030.023
906,3.756,7.502,15.032,30.028,64.826,123.664,241.551,447.615,718.856,1032.546
907,3.757,7.479,14.994,29.911,64.599,123.839,240.661,448.158,721.266,1031.096
908,3.746,7.491,14.97,29.878,64.744,123.953,241.674,448.315,721.037,1032.229
909,3.742,7.479,15.012,29.945,64.673,123.906,240.999,449.945,719.812,1036.513
910,3.741,7.493,15.017,29.904,64.614,123.47,241.287,447.929,722.303,1033.01
911,3.738,7.519,15.004,29.945,64.532,123.518,241.285,448.632,719.283,1035.797
912,3.742,7.484,15.025,29.868,64.83,124.089,242.06,448.739,723.331,1037.698
913,3.736,7.506,14.99,29.931,64.838,123.849,240.81,448.156,720.981,1035.799
914,3.759,7.499,14.964,30.041,64.672,123.471,241.812,449.353,720.184,1038.832
915,3.752,7.486,14.945,30.024,64.599,123.706,241.471,449.983,724.399,1036.878
916,3.748,7.472,14.949,29.987,64.775,124.084,241.876,450.454,722.958,1037.961
917,3.756,7.504,14.958,29.936,64.616,124.002,241.374,450.106,721.164,1036.854
918,3.737,7.485,15.039,29.865,64.635,123.954,241.508,450.761,721.686,1040.308
919,3.757,7.519,14.947,30.016,64.626,123.457,241.594,449.919,722.217,1043.55
920,3.752,7.488,15.037,29.939,64.845,123.793,242.459,451.268,726.118,1042.707
921,3.759,7.493,14.955,29.933,64.676,124.16,241.203,449.94,724.393,1039.376
922,3.751,7.498,15.019,29.871,64.634,123.878,241.785,450.554,724.816,1043.277
923,3.755,7.506,14.946,29.959,64.901,124.146,242.164,451.071,725.431,1042.342
924,3.75,7.501,14.98,29.993,64.634,124.275,242.362,449.08,724.746,1042.835
925,3.742,7.513,14.972,30.038,64.703,124.214,242.513,450.25,727.8,1045.097
926,3.752,7.489,14.953,29.913,64.94,124.064,241.982,451.601,728.496,1046.232
927,3.753,7.501,15.027,29.981,64.953,123.55,242.446,452.151,725.351,1044.239
928,3.753,7.485,15.021,29.9,64.622,123.878,241.798,449.821,726.125,1051.381
929,3.746,7.508,14.961,29.859,64.85,123.621,242.627,451.426,726.17,1046.633
930,3.755,7.495,14.963,30.041,64.699,123.588,241.267,450.304,725.782,1046.604
931,3.739,7.506,15.01,30.037,64.964,123.542,241.273,450.24,726.52,1052.822
932,3.739,7.481,14.956,29.915,64.915,123.721,241.681,450.941,729.189,1052.893
933,3.755,7.48,15.007,29.875,64.682,123.916,241.793,450.776,727.3,1050.271
934,3.744,7.508,15.038,30.008,64.741,123.716,241.505,450.461,727.598,1051.872
935,3.74,7.519,14.961,29.931,64.769,123.58,242.072,450.935,731.706,1053.721
936,3.747,7.511,14.998,29.888,64.604,124.22,241.441,452.468,729.892,1057.273
937,3.754,7.481,15.02,29.946,64.865,124.09,242.486,451.597,728.686,1058.062
938,3.751,7.477,14.95,29.956,64.755,123.662,241.665,453.401,732.382,1056.051
939,3.755,7.496,14.995,29.908,64.868,123.645,242.13,451.327,731.239,1055.092
940,3.738,7.488,15.024,29.872,64.951,124.181,243.01,451.335,731.279,1057.694
941,3.76,7.516,14.947,29.92,64.874,124.202,242.144,452.174,731.526,1054.609
942,3.759,7.491,15.023,30.017,64.88,124.278,243.086,453.679,730.282,1057.005
943,3.739,7.508,15,29.878,64.575,123.819,242.159,453.603,734.117,1060.664
944,3.752,7.497,15.003,29.979,64.95,124.16,242.395,452.982,734.994,1058.314
945,3.745,7.498,15.009,30.054,64.651,123.82,242.117,452.895,731.809,1059.733
946,3.747,7.512,14.946,29.91,64.711,124.164,243.063,451.917,734.813,1060.795
947,3.746,7.515,14.994,29.943,64.573,123.728,242.281,452.975,733.718,1065.734
948,3.741,7.498,15.001,30.051,64.773,124.024,243.165,453.286,733.97,1061.032
949,3.739,7.51,15.006,30.045,64.838,123.672,242.161,452.56,733.658,1062.158
950,3.758,7.483,14.998,29.952,64.826,123.648,242.849,452.691,737.685,1066.304
951,3.759,7.52,14.949,29.963,64.637,123.92,243.22,454.054,736.428,1067.549
952,3.757,7.505,15.015,29.936,64.886,123.7,242.278,453.276,735.314,1062.874
953,3.756,7.509,14.965,29.879,64.71,124.377,242.314,453.193,737.476,1068.391
954,3.747,7.497,15.036,29.977,64.985,124.198,242.313,454.902,736.266,1067.965
955,3.752,7.511,14.973,29.968,64.932,123.708,242.906,453.766,736.822,1070.864
956,3.759,7.497,14.987,30.054,64.971,124.407,243.21,452.841,735.564,1070.356
957,3.741,7.498,15.036,29.951,64.761,124.324,242.938,453.007,738.701,1067.856
958,3.752,7.478,14.958,29.976,64.812,123.679,242.14,453.6,740.769,1069.521
959,3.745,7.506,14.961,29.985,64.612,124.314,242.942,454.072,739.092,1072.057
960,3.754,7.483,14.976,30.013,64.843,123.707,242.465,455.958,741.338,1072.208
961,3.745,7.476,14.954,29.977,64.947,123.731,242.938,455.053,740.767,1073.937
962,3.741,7.508,14.96,30.04,64.653,124.036,242.394,455.339,740.877,1074.59
963,3.76,7.51,14.967,29.939,64.989,124.307,242.682,454.837,742.427,1071.002
964,3.74,7.494,14.991,30.015,64.65,123.908,242.44,455.515,738.979,1072.066
965,3.756,7.515,14.98,29.875,64.61,124.145,242.772,454.397,739.455,1078.552
966,3.739,7.5,14.983,29.963,64.894,124.003,242.723,455.984,743.156,1073.852
967,3.755,7.511,14.995,29.906,64.944,124.472,242.425,456.67,739.595,1075.739
968,3.756,7.478,15.002,29.88,64.606,124.059,243.173,454.155,741.568,1076.94
969,3.74,7.479,15.026,29.99,64.626,123.973,242.867,454.497,742.754,1082.078
970,3.757,7.477,15.036,29.96,64.634,124.385,243.458,456.589,745.091,1076.488
971,3.755,7.479,14.957,29.911,64.745,123.959,243.765,455.092,745.058,1082.179
972,3.738,7.514,15.011,29.89,64.719,124.07,243.574,455.151,742.195,1082.628
973,3.741,7.505,15.036,30.022,64.768,123.856,242.548,455.761,744.757,1080.658
974,3.75,7.475,14.997,29.922,64.69,124.195,243.011,454.893,743.39,1082.953
975,3.749,7.513,15.029,29.973,64.79,124.034,243.48,456.116,744.247,1080.527
976,3.746,7.517,14.996,29.942,64.856,124.446,243.478,457.021,743.288,1087.055
977,3.744,7.489,14.982,29.925,64.673,123.925,243.971,455.449,744.418,1084.521
978,3.741,7.494,14.981,29.898,64.655,123.859,243.609,456.958,745.921,1088.225
979,3.76,7.512,15.004,29.925,64.812,124.481,243.708,456.853,744.322,1084.334
980,3.747,7.476,14.974,30.048,64.774,124.002,243.765,457.425,748.417,1085.879
981,3.746,7.483,14.977,29.94,64.798,124.083,243.806,456.414,746.22,1089.435
982,3.759,7.512,14.981,30.012,64.691,124.363,243.753,457.591,747.612,1090.818
983,3.748,7.49,15.011,29.986,64.71,123.818,243.6,455.909,749.12,1089.34
984,3.756,7.517,14.996,30.056,64.649,123.814,244.144,457.844,746.905,1092.069
985,3.744,7.52,15.036,29.968,64.858,124.357,242.825,458.304,747.815,1090.021
986,3.738,7.475,14.976,29.96,64.717,123.858,243.714,458.165,746.699,1091.306
987,3.741,7.513,14.954,29.889,64.847,124.189,243.083,458.729,746.738,1090.535
988,3.742,7.512,15.02,29.913,64.999,124.398,243.582,456.577,748.224,1094.575
989,3.739,7.491,14.952,30.042,64.767,123.944,243.518,458.784,747.403,1093.493
990,3.739,7.491,15.02,29.891,64.946,124.507,243.969,458.233,747.99,1095.788
991,3.752,7.481,15.026,29.99,65.023,124.577,243.492,458.294,752.183,1091.907
992,3.739,7.483,15.026,30.039,64.748,124.326,243.007,458.252,749.893,1097.095
993,3.753,7.507,15.022,29.996,64.959,124.206,243.924,457.099,749.982,1099.238
994,3.745,7.517,14.981,30.026,65.024,123.938,243.484,457.974,751.104,1100.07
995,3.759,7.485,15.019,30.026,64.865,123.854,243.958,459.527,751.179,1094.796
996,3.756,7.507,15.012,29.997,64.801,124.291,243.457,457.673,751.967,1097.78
997,3.746,7.515,15.04,30.008,65,124.079,244.302,459.248,751.185,1098.373
998,3.751,7.476,14.994,29.929,64.717,123.919,244.486,458.316,752.046,1101.827
999,3.749,7.518,14.97,29.973,64.905,124.33,243.431,457.802,755.143,1101.352
1000,3.748,7.497,15.01,30.056,64.916,124.035,243.172,458.027,752.666,1103.983
1001,3.745,7.49,14.954,29.914,64.848,124.08,243.739,458.489,752.732,1102.21
1002,3.755,7.476,14.957,29.95,64.972,124.377,243.756,458.115,752.718,1104.612
1003,3.75,7.508,15.018,29.909,64.87,124.599,243.48,459.395,753.314,1105.986
1004,3.749,7.509,15.03,30.056,64.878,123.936,244.422,458.987,755.379,1107.046
1005,3.74,7.514,14.99,29.917,64.698,124.365,244.433,459.954,756.034,1107.149
1006,3.74,7.511,14.999,29.996,64.797,123.977,243.368,459.413,753.502,1104.383
1007,3.757,7.478,15.022,30.044,65.033,124.588,243.786,459.62,757.471,1104.727
1008,3.746,7.496,15.027,30.039,64.857,123.967,243.43,461.025,754.814,1110.119
1009,3.739,7.497,15.01,29.915,64.712,124.57,244.372,458.656,756.472,1104.967
1010,3.755,7.485,15.012,29.968,65.018,124.288,244.555,459.837,755.549,1111.589
1011,3.75,7.496,15.031,30.033,64.923,124.36,243.631,459.473,758.793,1107.74
1012,3.744,7.519,14.969,30.062,64.97,124.134,243.756,461.134,758.147,1109.086
1013,3.74,7.495,14.991,29.932,64.748,124.46,244.651,460.703,756.676,1108.157
1014,3.747,7.504,14.952,30.045,64.721,124.557,244.272,460.584,760.331,1110.499
1015,3.757,7.5,15.029,30.025,64.773,123.965,244.272,461.467,760.089,1110.778
1016,3.753,7.478,14.997,29.976,64.96,124.354,244.245,460.276,759.226,1113.62
1017,3.751,7.486,14.994,29.918,64.76,124.031,244.292,460.669,758.819,1113.544
1018,3.754,7.492,15.039,30.042,64.991,124.077,244.329,460.711,758.421,1112.855
1019,3.755,7.483,15.027,29.903,65.012,124.316,244.93,460.063,761.879,1117.555
1020,3.751,7.515,14.954,29.932,64.87,124.388,244.657,460.041,759.757,1117.123
1021,3.759,7.498,15.005,29.937,65.017,124.505,244.153,461.963,760.396,1115.519
1022,3.749,7.49,15.025,29.982,65.026,124.369,243.999,461.928,761.008,1118.703
1023,3.743,7.516,15.017,29.895,64.991,124.608,243.81,461.895,759.605,1115.355
1024,3.754,7.488,15,29.995,64.725,124.436,244.007,461.995,762.244,1121.28
1025,3.742,7.514,14.982,30.047,64.695,124.028,245.013,460.773,763.798,1117.743
1026,3.747,7.496,14.973,29.952,64.837,124.486,243.915,462.629,762.656,1119.565
1027,3.741,7.483,14.974,29.953,64.834,124.579,244.419,460.305,764.302,1121.783
1028,3.759,7.49,14.965,29.926,64.751,124.567,244.368,461.24,763.237,1118.948
1029,3.757,7.482,14.969,29.947,64.732,124.231,244.816,463.051,765.041,1124.251
1030,3.748,7.484,14.999,29.935,65.053,124.661,243.763,462.473,761.677,1125.14
1031,3.746,7.485,14.954,30.018,64.751,124.696,244.435,463.299,764.085,1126.546
1032,3.756,7.502,14.992,29.898,64.81,124.477,244.992,462.456,766.273,1121.266
1033,3.752,7.487,15.016,29.952,64.953,124.104,244.681,462.149,766.749,1126.878
1034,3.746,7.494,15.04,29.901,64.684,124.594,245.109,461.086,766.371,1124.869
1035,3.741,7.486,14.974,29.982,64.929,124.333,244.088,461.232,763.025,1125.321
1036,3.743,7.502,14.993,30.033,64.832,124.596,244.603,461.316,764.975,1127.139
1037,3.748,7.48,14.994,30.011,64.835,124.221,245.073,463.742,765.26,1128.301
1038,3.753,7.489,14.979,30.005,64.719,124.131,244.996,462.943,764.474,1127.825
1039,3.756,7.481,15.015,30.014,64.809,124.685,245.014,462.96,765.21,1130.575
1040,3.747,7.491,14.984,29.977,64.962,124.276,244.465,464.067,767.606,1129.917
1041,3.752,7.486,14.995,30.031,64.783,124.169,244.58,462.394,768.476,1133.403
1042,3.754,7.481,15.036,29.904,64.967,124.661,244.817,462.996,769.133,1131.711
1043,3.759,7.511,15.009,29.977,64.704,124.615,244.649,462.384,768.774,1130.733
1044,3.754,7.517,14.97,30.057,64.881,124.739,245.071,464.397,769.757,1130.962
1045,3.747,7.499,15.036,29.979,64.954,124.319,244.444,464.584,768.023,1135.88
1046,3.742,7.509,14.954,30.027,64.971,124.516,244.412,464.724,770.875,1130.601
1047,3.754,7.483,14.991,29.988,64.769,124.281,244.634,463.644,767.863,1135.248
1048,3.752,7.497,15.034,29.941,64.858,124.595,245.25,462.274,771.066,1132.807
1049,3.757,7.518,15.02,30.02,64.925,124.063,244.318,463.417,769.9,1138.567
1050,3.756,7.497,15.005,29.953,64.898,124.701,244.28,462.78,768.412,1138.128
1051,3.744,7.493,14.993,29.9,64.811,124.365,244.596,463.023,769.146,1140.225
1052,3.745,7.487,15.025,29.909,64.955,124.699,245.507,464.981,771.478,1137.072
1053,3.755,7.495,14.956,29.995,64.932,124.33,244.575,462.887,769.843,1139.953
1054,3.752,7.49,15.033,29.905,65.016,124.386,245.63,464.336,772.187,1137.344
1055,3.754,7.499,15.011,30.022,64.724,124.45,245.425,463.545,773.477,1138.887
1056,3.754,7.485,14.985,29.898,64.716,124.183,244.307,463.027,771.244,1141.976
1057,3.756,7.505,15.011,29.957,64.782,124.749,245.217,464.08,774.484,1142.169
1058,3.76,7.513,15.021,29.985,64.894,124.459,245.094,463.654,772.765,1140.172
1059,3.753,7.485,14.984,29.961,64.875,124.769,245.189,465.157,773.078,1143.474
1060,3.756,7.508,14.979,29.901,64.807,124.394,245.672,463.92,774.577,1142.019
1061,3.739,7.481,14.991,30.01,64.952,124.15,244.893,464.541,772.864,1141.756
1062,3.744,7.495,15.031,29.986,64.789,124.158,245.192,466.092,775.2,1143.962
1063,3.747,7.51,14.969,29.932,64.943,124.729,244.826,465.234,775.607,1147.979
1064,3.745,7.514,14.999,29.973,64.945,124.644,245.096,466.244,772.434,1146.876
1065,3.751,7.486,15.03,29.997,65.062,124.512,245.01,465.147,773.843,1146.814
1066,3.745,7.487,14.972,29.995,64.957,124.617,245.051,465.799,773.477,1147.95
1067,3.75,7.503,14.973,29.993,64.869,124.593,244.742,464.702,777.026,1148.745
1068,3.747,7.492,15.028,30.046,64.908,124.296,244.715,465.953,775.737,1147.646
1069,3.759,7.501,14.979,29.947,64.764,124.49,244.986,465.102,774.135,1150.968
1070,3.751,7.518,15.012,29.952,64.758,124.338,245.493,464.502,776.308,1152.224
1071,3.759,7.509,15.016,29.902,64.792,124.267,245.62,464.988,778.506,1151.838
1072,3.746,7.479,15,29.923,65.02,124.68,244.859,466.392,777.085,1150.323
1073,3.758,7.493,15.033,30,64.961,124.702,245.453,465.817,777.047,1149.418
1074,3.751,7.509,15.034,29.946,64.883,124.654,244.676,466.875,778.114,1152.659
1075,3.743,7.512,15.035,29.933,65.007,124.368,245.556,465.377,780.08,1154.027
1076,3.759,7.495,14.964,30.053,65.021,124.402,245.981,465.125,779.33,1152.07
1077,3.745,7.499,14.964,29.931,64.926,124.234,245.59,465.502,777.339,1155.933
1078,3.742,7.515,14.97,30.052,65.067,124.198,245.993,466.236,780.387,1155.579
1079,3.755,7.507,14.977,29.974,64.725,124.456,245.238,465.472,779.979,1156.735
1080,3.753,7.504,14.989,29.914,65.008,124.437,245.491,465.54,777.953,1155.09
1081,3.742,7.488,14.988,29.984,64.729,124.255,245.903,467.268,781.711,1159.716
1082,3.755,7.498,14.967,29.902,65.066,124.323,245.765,467.18,781.025,1158.082
1083,3.74,7.478,14.997,29.935,64.723,124.389,245.4,466.23,782.309,1159.347
1084,3.742,7.498,15.035,30.031,64.788,124.317,245.138,465.663,779.773,1156.994
1085,3.754,7.487,15.026,29.987,64.78,124.394,244.858,466.388,781.6,1162.876
1086,3.751,7.488,15.022,29.902,65.044,124.763,245.213,467.155,782.111,1163.365
1087,3.744,7.505,14.988,29.956,64.817,124.182,245.482,467.701,780.797,1164.443
1088,3.739,7.496,14.988,29.944,64.733,124.389,246.09,466.201,783.026,1161.234
1089,3.742,7.515,14.999,30.008,65.051,124.527,245.709,467.927,784.264,1160.297
1090,3.756,7.492,15.034,29.964,64.911,124.226,245.739,466.863,781.779,1161.767
1091,3.741,7.514,14.974,30.004,64.924,124.36,245.75,468.449,783.051,1162.017
1092,3.752,7.517,15.023,29.906,64.775,124.244,245.787,468.358,783.576,1162
1093,3.748,7.483,14.968,29.908,64.973,124.475,245.897,467.756,782.561,1167.979
1094,3.741,7.503,15.032,29.944,65.049,124.663,245.583,468.621,784.097,1163.889
1095,3.745,7.493,15.023,29.971,65.002,124.686,245.456,468.306,782.283,1164.393
1096,3.754,7.515,14.961,30.026,64.912,124.638,245.493,468.359,786.26,1170.817
1097,3.75,7.514,14.989,30.06,64.804,124.217,245.242,467.147,786.014,1170.551
1098,3.743,7.494,15,29.979,64.777,124.236,245.728,468.241,784.564,1168.907
1099,3.745,7.516,14.979,29.958,65.015,124.831,245.164,468.475,784.297,1166.73
1100,3.758,7.514,15.004,30.033,65.003,124.756,245.225,469.188,784.302,1169.067
1101,3.753,7.515,15.035,30.03,64.789,124.54,245.589,468.61,787.063,1173.983
1102,3.744,7.487,14.989,29.913,64.853,124.831,246.363,468.631,785.864,1169.74
1103,3.754,7.481,14.981,30.036,64.979,124.334,245.99,468.57,788.278,1172.136
1104,3.742,7.514,15.013,30.053,64.955,124.646,246.107,468.425,787.461,1170.76
1105,3.744,7.488,15.018,29.916,64.768,124.331,245.824,467.665,787.564,1171.261
1106,3.741,7.484,14.959,30.055,64.828,124.649,245.941,468.722,787.912,1176.782
1107,3.745,7.512,14.988,29.995,64.825,124.515,246.361,467.587,789.752,1174.205
1108,3.74,7.498,14.989,30.017,64.863,124.642,246.347,468.153,789.733,1177.409
1109,3.749,7.487,15.022,30.003,65.092,124.899,245.768,467.722,787.338,1178.088
1110,3.752,7.484,14.963,30.01,64.973,124.325,245.513,469.832,788.018,1178.582
1111,3.749,7.512,14.986,30.036,65.037,124.414,246.359,468.868,789.308,1178.177
1112,3.746,7.485,14.986,30.028,64.824,124.245,246.325,468.566,789.139,1177.262
1113,3.753,7.499,15.034,29.965,64.904,124.342,245.904,468.034,790.752,1176.18
1114,3.747,7.513,15.017,29.948,65.043,124.346,246.546,468.63,788.762,1178.559
1115,3.748,7.497,15.031,30.042,64.767,124.748,245.304,469.524,791.159,1180.881
1116,3.746,7.495,15.021,29.949,64.993,124.817,246.524,468.062,791.283,1177.859
1117,3.751,7.5,15.008,30.018,64.768,124.769,246.504,468.858,791.882,1183.06
1118,3.757,7.515,14.989,29.976,64.862,124.451,246.506,470.442,790.489,1180.015
1119,3.743,7.493,15.031,30.051,65.042,124.5,245.904,470.007,789.138,1185.904
1120,3.751,7.492,15.025,29.937,65.095,124.859,245.431,470.295,790.264,1184.495
1121,3.742,7.499,15,29.972,64.791,124.422,245.865,470.526,792.564,1186.368
1122,3.754,7.501,14.979,29.953,64.976,124.805,245.623,470.128,793.19,1187.258
1123,3.751,7.483,15.034,30.019,64.892,124.392,246.685,470.157,793.38,1187.568
1124,3.743,7.481,14.974,29.983,64.979,124.723,245.925,469.384,794.35,1188.517
1125,3.741,7.495,15.029,29.945,64.975,124.666,245.454,469.637,792.599,1188.173
1126,3.751,7.515,14.981,29.947,64.929,124.512,245.839,469.366,791.78,1189.913
1127,3.745,7.516,14.972,29.961,65.026,124.468,246.554,468.939,793.145,1187.919
1128,3.748,7.506,15.008,29.915,64.846,124.85,246.641,469.444,792.413,1188.184
1129,3.743,7.508,14.986,30.068,65.086,124.828,246.327,470.607,795.301,1188.484
1130,3.755,7.499,15.033,30.034,65.061,124.832,246.459,469.125,793.324,1190.335
1131,3.744,7.512,14.988,29.93,64.998,124.827,245.656,469.328,795.484,1191.391
1132,3.757,7.519,15.011,30.003,64.86,124.881,245.735,470.508,796.688,1189.039
1133,3.759,7.51,15.036,29.952,65.002,124.523,245.605,470.11,794.045,1189.784
1134,3.746,7.483,15.028,29.935,64.906,124.786,246.745,471.41,797.604,1195.624
1135,3.752,7.492,14.967,29.963,64.99,124.403,246.166,470.202,795.223,1191.887
1136,3.746,7.494,14.962,29.993,64.973,124.633,246.539,471.406,796.71,1192.247
1137,3.744,7.494,15.023,29.985,65.011,124.442,246.404,472.045,798.088,1196.317
1138,3.757,7.517,15.035,29.934,64.975,124.522,245.953,471.078,798.474,1195.037
1139,3.746,7.505,14.989,29.927,64.903,124.478,246.6,470.659,798.555,1196.177
1140,3.74,7.492,14.989,30.012,65.018,124.896,246.334,470.032,795.592,1193.694
1141,3.757,7.502,15.006,29.952,64.887,124.833,245.857,471.104,798.709,1195.128
1142,3.74,7.519,14.966,29.951,64.985,124.423,246.978,471.519,799.64,1200.906
1143,3.742,7.493,14.977,30.019,64.975,124.706,246.454,470.681,796.527,1197.183
1144,3.752,7.502,15.037,30.042,64.859,124.892,246.461,472.311,798.322,1197.805
1145,3.757,7.484,14.968,30.012,64.927,124.587,246.441,471.166,799.29,1202.754
1146,3.742,7.502,15.028,30.031,64.991,124.671,246.936,471.035,800.821,1197.913
1147,3.758,7.486,15.011,30.01,65.013,124.879,246.096,470.968,800.583,1200.797
1148,3.75,7.513,15.036,29.984,64.801,124.507,246.128,471.312,799.69,1203.239
1149,3.753,7.513,14.961,29.917,64.9,124.4,246.642,470.678,800.603,1199.836
1150,3.75,7.496,14.98,29.913,64.907,124.512,246.772,472.447,798.632,1202.868
1151,3.743,7.499,14.961,29.987,64.904,124.379,246.895,471.368,799.007,1202.324
1152,3.753,7.513,14.982,29.998,64.801,124.594,246.844,471.516,802.182,1205.218
1153,3.74,7.492,15.032,29.966,64.802,124.71,246.734,471.742,802.636,1204.609
1154,3.742,7.493,15.025,30.052,64.874,124.875,247.001,471.416,799.567,1204.026
1155,3.751,7.496,15.027,30.057,65.063,124.409,245.922,472.657,803.471,1208.969
1156,3.754,7.515,14.976,29.943,64.817,124.95,246.253,471.396,800.624,1206.758
1157,3.742,7.485,15.003,29.972,64.778,124.425,246.239,471.817,803.186,1208.222
1158,3.743,7.5,15.009,30.037,64.881,124.651,246.641,471.271,800.381,1208.751
1159,3.744,7.518,14.976,29.922,64.825,124.903,246.116,471.884,803.463,1206.007
1160,3.742,7.512,15.005,29.916,65.088,124.444,247.203,472.823,803.41,1208.064
1161,3.759,7.502,14.996,29.922,65.044,124.818,247.224,472.228,802.839,1212.707
1162,3.758,7.502,15.012,30.057,64.998,124.566,246.504,472.817,804.373,1209.961
1163,3.754,7.514,14.986,30.061,65.065,124.555,246.358,472.222,804.16,1212.633
1164,3.74,7.503,14.962,29.986,64.846,124.699,246.993,473.956,805.029,1214.29
1165,3.756,7.497,15.01,30.017,64.79,124.761,246.889,473.72,804.456,1213.525
1166,3.752,7.492,14.985,29.955,65.066,124.551,246.193,471.802,806.377,1213.233
1167,3.741,7.492,14.988,30.044,65.049,124.364,247.229,472.696,803.421,1212.916
1168,3.752,7.483,15.033,29.935,64.942,124.599,246.759,471.863,804.818,1214.341
1169,3.751,7.491,15.009,30.067,64.962,124.502,246.157,474.233,807.135,1214.566
1170,3.741,7.507,14.975,30.05,65.089,124.964,246.943,472.059,806.719,1214.364
1171,3.758,7.506,15.001,29.934,64.87,124.992,247.077,473.961,805.975,1218.763
1172,3.752,7.509,15.003,29.946,64.857,124.581,246.286,473.023,806.04,1219.7
1173,3.753,7.505,14.963,29.926,64.792,124.865,247.109,474.462,804.604,1217.231
1174,3.745,7.516,15.025,29.984,64.96,124.875,246.342,474.195,807.443,1216.402
1175,3.751,7.519,14.962,29.987,64.971,124.939,246.301,473.069,806.302,1220.021
1176,3.758,7.501,15.018,30.065,64.835,124.486,246.248,472.781,807.91,1217.905
1177,3.758,7.491,15.022,29.988,64.841,124.895,246.87,473.169,808.612,1222.011
1178,3.759,7.514,14.965,30.067,65.107,124.805,247.418,472.671,808.594,1217.762
1179,3.749,7.491,14.968,30.022,65.078,124.757,246.698,474.045,808.27,1223.747
1180,3.759,7.505,14.984,29.962,64.825,124.423,247.244,474.307,808.546,1222.562
1181,3.743,7.505,14.978,29.964,64.881,124.461,246.881,473.539,809.02,1221.865
1182,3.741,7.507,15.01,30.032,65.035,124.99,246.353,474.258,808.033,1225.065
1183,3.757,7.515,15.001,30.024,64.826,124.45,246.244,474.778,810.969,1223.406
1184,3.742,7.5,15.005,30.054,64.842,124.783,247.471,475.163,809,1221.759
1185,3.748,7.503,15.029,29.982,64.824,124.526,246.508,474.597,809.882,1222.73
1186,3.742,7.486,15.021,30.015,64.849,124.927,246.824,474.165,808.212,1227.516
1187,3.754,7.501,14.988,29.974,64.819,124.665,246.45,474.622,811.179,1226.825
1188,3.746,7.515,14.989,30.003,64.811,124.752,246.48,473.763,812.057,1226.673
1189,3.742,7.494,14.99,30.054,64.84,124.663,246.584,475.108,809.36,1227.577
1190,3.745,7.495,14.991,30.052,64.96,124.497,246.485,474.53,811.714,1229.546
1191,3.743,7.496,14.984,30.033,64.905,124.906,247.568,474.147,811.756,1230.045
1192,3.741,7.515,15.033,29.971,64.909,124.778,246.834,473.476,812.605,1232.197
1193,3.759,7.518,15.027,29.96,65.095,124.993,247.288,473.474,810.669,1231.045
1194,3.744,7.492,14.996,30.06,64.863,124.769,246.524,474.898,813.845,1231.59
1195,3.759,7.503,14.976,30.024,64.818,124.958,246.392,474.528,812.068,1232.496
1196,3.746,7.484,14.992,29.947,64.811,124.557,247.102,473.926,810.575,1232.168
1197,3.745,7.509,14.996,29.977,64.934,124.931,247.543,475.205,814.211,1231.327
1198,3.752,7.503,14.99,29.927,64.925,124.785,246.466,475.53,811.6,1235.157
1199,3.748,7.486,14.975,30.031,65.031,124.856,247.41,475.04,814.527,1236.112
1200,3.751,7.495,14.992,30.067,64.817,124.49,246.571,475.88,812.202,1235.161
1201,3.754,7.486,14.968,29.967,65.104,124.774,246.655,474.409,814.698,1232.122
1202,3.746,7.495,15.025,29.94,65.004,124.522,247.22,474.061,815.062,1238.407
1203,3.753,7.507,15.018,29.994,65.066,124.83,246.858,475.292,814.018,1237.769
1204,3.746,7.488,14.974,30.029,64.909,124.726,246.896,476.258,814.305,1237.907
1205,3.747,7.513,14.986,30.002,65.091,125.031,246.927,475.798,815.707,1237.256
1206,3.749,7.489,14.988,30,65.038,124.484,247.247,476.324,815.332,1240.08
1207,3.746,7.493,14.984,29.977,64.827,125.038,247.238,475.016,817.12,1241.25
1208,3.754,7.502,15.023,30.056,64.956,124.923,247.057,476.746,814.928,1238.122
1209,3.741,7.487,15.016,30.034,64.821,124.657,246.991,476.792,814.684,1242.364
1210,3.758,7.509,15.013,30.045,64.901,124.914,247.302,474.988,817.373,1240.366
1211,3.75,7.501,14.984,30.025,65.047,124.834,246.816,476.21,817.874,1240.062
1212,3.745,7.515,15.005,29.944,65.078,124.566,247.113,476.106,816.389,1238.859
1213,3.748,7.499,14.995,29.988,65.078,125.03,247.777,476.485,818.203,1244.889
1214,3.756,7.505,15.015,29.991,64.889,124.905,247.482,476.295,818.618,1243.367
1215,3.757,7.5,14.999,30.054,64.969,124.655,246.66,476.103,815.53,1242.571
1216,3.75,7.496,14.969,30.052,64.895,124.646,247.119,477.069,817.851,1243.643
1217,3.745,7.493,14.992,30.056,64.836,124.689,247.238,475.67,816.185,1242.149
1218,3.742,7.498,14.963,30.026,64.807,124.702,247.54,475.221,817.124,1246.171
1219,3.742,7.503,15.002,29.987,65.009,124.778,247.48,476.171,816.711,1244.045
1220,3.753,7.499,15.012,29.962,64.842,124.994,247.57,477.463,819.233,1244.131
1221,3.741,7.505,15.014,30.025,64.948,124.703,246.813,476.074,820.743,1245.008
1222,3.756,7.49,14.984,30.05,65.067,124.997,247.682,476.039,818.27,1246.01
